Status,Condition,District,Area,Rooms,Bathrooms,Balcony+,Heating,Conditioner,Parking,Lift,PerSq
ძველი აშენებული,ახალი გარემონტებული,ავლაბარი,70,3,1,0,1,0,1,1,857
ახალი აშენებული,ახალი გარემონტებული,ავლაბარი,140,6,3,10,1,1,1,1,1214
ახალი აშენებული,ახალი გარემონტებული,ავლაბარი,125,4,1,0,1,1,0,1,1000
ძველი აშენებული,ძველი გარემონტებული,ავლაბარი,84,2,1,0,1,0,0,0,900
ძველი აშენებული,ახალი გარემონტებული,გლდანი,42,3,1,7,0,1,1,0,810
ძველი აშენებული,ახალი გარემონტებული,გლდანი,17,1,2,0,1,0,0,0,712
ძველი აშენებული,ახალი გარემონტებული,გლდანი,100,3,2,20,1,1,0,0,700
ძველი აშენებული,ახალი გარემონტებული,გლდანი,63,3,2,0,1,1,1,1,697
ძველი აშენებული,ახალი გარემონტებული,გლდანი,80,3,1,3,1,1,1,1,625
ძველი აშენებული,ახალი გარემონტებული,გლდანი,45,1,2,0,0,0,0,1,611
ძველი აშენებული,ახალი გარემონტებული,გლდანი,75,3,3,15,1,0,1,1,591
ძველი აშენებული,ახალი გარემონტებული,გლდანი,77,2,1,15,1,0,1,1,586
ძველი აშენებული,ახალი გარემონტებული,გლდანი,57,1,1,9,0,0,1,2,526
ძველი აშენებული,ახალი გარემონტებული,გლდანი,90,3,3,0,1,0,1,1,511
ძველი აშენებული,ახალი გარემონტებული,გლდანი,99,3,1,70,1,0,1,1,485
ძველი აშენებული,ახალი გარემონტებული,გლდანი,130,2,3,21,1,1,1,0,462
ძველი აშენებული,ახალი გარემონტებული,გლდანი,86,1,1,6,1,0,1,0,442
ძველი აშენებული,ახალი გარემონტებული,გლდანი,105,4,1,30,1,0,1,1,400
ახალი აშენებული,ახალი გარემონტებული,გლდანი,45,2,2,0,1,1,1,1,882
ახალი აშენებული,ახალი გარემონტებული,გლდანი,56,2,1,6,1,1,1,1,802
ახალი აშენებული,ახალი გარემონტებული,გლდანი,45,2,1,5,1,0,0,1,778
ახალი აშენებული,ახალი გარემონტებული,გლდანი,48,3,1,2,1,0,0,1,771
ახალი აშენებული,ახალი გარემონტებული,გლდანი,56,3,2,4,1,1,0,1,768
ახალი აშენებული,ახალი გარემონტებული,გლდანი,80,3,1,0,1,0,0,0,750
ახალი აშენებული,ახალი გარემონტებული,გლდანი,48,2,1,0,1,0,1,2,750
ახალი აშენებული,ახალი გარემონტებული,გლდანი,46,2,1,5,0,0,0,2,739
ახალი აშენებული,ახალი გარემონტებული,გლდანი,155,5,3,9,1,1,1,1,734
ახალი აშენებული,ახალი გარემონტებული,გლდანი,64,3,1,4,0,0,0,2,719
ახალი აშენებული,ახალი გარემონტებული,გლდანი,72,3,1,0,1,0,0,1,681
ახალი აშენებული,ახალი გარემონტებული,გლდანი,68,3,1,3,1,1,1,1,674
ახალი აშენებული,ახალი გარემონტებული,გლდანი,80,2,3,10,1,1,1,2,669
ახალი აშენებული,ახალი გარემონტებული,გლდანი,117,4,1,9,1,0,0,2,641
ახალი აშენებული,ახალი გარემონტებული,გლდანი,55,2,1,8,0,0,0,1,627
ახალი აშენებული,ახალი გარემონტებული,გლდანი,56,2,1,4,0,0,0,1,621
ახალი აშენებული,ახალი გარემონტებული,გლდანი,56,2,2,10,1,1,1,2,616
ახალი აშენებული,ახალი გარემონტებული,გლდანი,56,2,2,3,1,1,1,2,607
ახალი აშენებული,თეთრი კარკასი,გლდანი,45,2,1,4,0,0,0,2,667
ახალი აშენებული,თეთრი კარკასი,გლდანი,52,2,1,0,0,0,1,1,494
ახალი აშენებული,შავი კარკასი,გლდანი,64,3,1,3,0,0,0,0,430
ახალი აშენებული,შავი კარკასი,გლდანი,70,3,1,3,0,0,0,0,421
ძველი აშენებული,ძველი გარემონტებული,გლდანი,47,2,1,15,1,0,0,2,670
ძველი აშენებული,ძველი გარემონტებული,გლდანი,67,3,1,0,1,0,1,1,667
ძველი აშენებული,ძველი გარემონტებული,გლდანი,38,2,2,0,1,0,1,0,566
ძველი აშენებული,ძველი გარემონტებული,გლდანი,62,2,1,4,1,0,0,1,565
ძველი აშენებული,ძველი გარემონტებული,გლდანი,67,2,2,0,1,0,0,1,552
ძველი აშენებული,ძველი გარემონტებული,გლდანი,60,2,1,10,0,0,0,0,550
ძველი აშენებული,ძველი გარემონტებული,გლდანი,90,3,2,18,1,0,1,1,506
ძველი აშენებული,ძველი გარემონტებული,გლდანი,104,4,2,0,1,0,0,1,500
ძველი აშენებული,ძველი გარემონტებული,გლდანი,75,3,2,6,1,0,0,0,500
ძველი აშენებული,ძველი გარემონტებული,გლდანი,78,3,2,15,1,0,1,0,487
ძველი აშენებული,ძველი გარემონტებული,გლდანი,80,3,1,0,1,0,1,1,475
ძველი აშენებული,ძველი გარემონტებული,გლდანი,76,3,2,10,1,0,1,1,470
ძველი აშენებული,ძველი გარემონტებული,გლდანი,85,3,2,14,1,0,1,2,465
ძველი აშენებული,ძველი გარემონტებული,გლდანი,50,1,1,7,1,0,0,1,460
ძველი აშენებული,ძველი გარემონტებული,გლდანი,120,4,2,6,1,0,1,1,458
ძველი აშენებული,ძველი გარემონტებული,გლდანი,120,4,1,0,1,0,1,1,452
ძველი აშენებული,ძველი გარემონტებული,გლდანი,85,3,1,0,0,0,1,1,441
ძველი აშენებული,ძველი გარემონტებული,გლდანი,75,3,1,18,1,0,0,1,427
ძველი აშენებული,ახალი გარემონტებული,დიდი დიღომი,85,4,1,8,1,0,0,1,800
ძველი აშენებული,ახალი გარემონტებული,დიდი დიღომი,62,2,1,16,1,0,0,2,742
ძველი აშენებული,ახალი გარემონტებული,დიდი დიღომი,94,3,2,25,1,0,0,2,670
ძველი აშენებული,ახალი გარემონტებული,დიდი დიღომი,66,3,1,0,1,0,1,1,583
ძველი აშენებული,ახალი გარემონტებული,დიდი დიღომი,80,3,0,3,1,0,0,2,550
ძველი აშენებული,ახალი გარემონტებული,დიდი დიღომი,80,3,1,3,1,0,0,2,550
ძველი აშენებული,ახალი გარემონტებული,დიდი დიღომი,85,3,1,0,0,0,0,1,498
ახალი აშენებული,ახალი გარემონტებული,დიდი დიღომი,46,2,1,4,1,0,0,2,1200
ახალი აშენებული,ახალი გარემონტებული,დიდი დიღომი,46,2,1,3,1,0,0,1,1150
ახალი აშენებული,ახალი გარემონტებული,დიდი დიღომი,73,3,1,10,1,1,0,2,1092
ახალი აშენებული,ახალი გარემონტებული,დიდი დიღომი,58,3,1,0,1,0,0,1,914
ახალი აშენებული,ახალი გარემონტებული,დიდი დიღომი,61,3,1,4,1,0,1,2,902
ახალი აშენებული,ახალი გარემონტებული,დიდი დიღომი,70,3,1,0,1,0,1,1,884
ახალი აშენებული,ახალი გარემონტებული,დიდი დიღომი,43,3,1,0,1,0,0,0,853
ახალი აშენებული,ახალი გარემონტებული,დიდი დიღომი,21,1,1,0,1,1,1,0,833
ახალი აშენებული,ახალი გარემონტებული,დიდი დიღომი,47,2,1,3,1,0,0,1,830
ახალი აშენებული,ახალი გარემონტებული,დიდი დიღომი,73,3,1,4,1,1,1,1,822
ახალი აშენებული,ახალი გარემონტებული,დიდი დიღომი,61,3,1,5,1,0,0,1,820
ახალი აშენებული,ახალი გარემონტებული,დიდი დიღომი,80,3,1,10,1,1,0,1,813
ახალი აშენებული,ახალი გარემონტებული,დიდი დიღომი,71,3,1,0,0,0,0,1,803
ახალი აშენებული,ახალი გარემონტებული,დიდი დიღომი,61,2,1,15,1,1,1,1,803
ახალი აშენებული,ახალი გარემონტებული,დიდი დიღომი,21,1,1,0,1,1,1,0,800
ახალი აშენებული,ახალი გარემონტებული,დიდი დიღომი,90,4,1,6,1,1,1,0,800
ახალი აშენებული,ახალი გარემონტებული,დიდი დიღომი,44,2,1,4,1,0,1,1,795
ახალი აშენებული,ახალი გარემონტებული,დიდი დიღომი,43,2,1,6,1,0,1,1,786
ახალი აშენებული,ახალი გარემონტებული,დიდი დიღომი,56,3,1,2,1,1,1,0,786
ახალი აშენებული,ახალი გარემონტებული,დიდი დიღომი,42,2,1,0,1,0,0,1,786
ახალი აშენებული,ახალი გარემონტებული,დიდი დიღომი,60,2,1,7,1,0,1,2,783
ახალი აშენებული,ახალი გარემონტებული,დიდი დიღომი,68,3,1,6,1,1,0,1,779
ახალი აშენებული,ახალი გარემონტებული,დიდი დიღომი,48,3,1,0,1,1,0,1,771
ახალი აშენებული,ახალი გარემონტებული,დიდი დიღომი,37,1,1,0,1,0,1,1,770
ახალი აშენებული,ახალი გარემონტებული,დიდი დიღომი,37,2,1,0,1,0,1,1,770
ახალი აშენებული,ახალი გარემონტებული,დიდი დიღომი,52,2,1,5,0,0,0,2,769
ახალი აშენებული,ახალი გარემონტებული,დიდი დიღომი,49,2,1,6,1,0,1,2,765
ახალი აშენებული,ახალი გარემონტებული,დიდი დიღომი,46,2,1,3,0,0,0,1,761
ახალი აშენებული,ახალი გარემონტებული,დიდი დიღომი,46,3,2,3,1,0,1,1,761
ახალი აშენებული,ახალი გარემონტებული,დიდი დიღომი,62,3,1,3,1,1,1,2,758
ახალი აშენებული,ახალი გარემონტებული,დიდი დიღომი,37,2,1,4,0,0,0,2,757
ახალი აშენებული,ახალი გარემონტებული,დიდი დიღომი,49,2,1,3,1,1,0,0,755
ახალი აშენებული,ახალი გარემონტებული,დიდი დიღომი,120,3,1,10,1,0,1,1,750
ახალი აშენებული,ახალი გარემონტებული,დიდი დიღომი,36,2,1,0,0,0,0,1,744
ახალი აშენებული,ახალი გარემონტებული,დიდი დიღომი,88,3,2,18,1,0,1,1,739
ახალი აშენებული,ახალი გარემონტებული,დიდი დიღომი,93,4,1,0,1,0,0,1,731
ახალი აშენებული,ახალი გარემონტებული,დიდი დიღომი,81,3,1,6,1,0,1,0,728
ახალი აშენებული,ახალი გარემონტებული,დიდი დიღომი,58,3,1,4,1,0,1,2,724
ახალი აშენებული,ახალი გარემონტებული,დიდი დიღომი,65,2,1,8,1,1,1,1,723
ახალი აშენებული,ახალი გარემონტებული,დიდი დიღომი,68,3,1,0,1,0,1,2,721
ახალი აშენებული,ახალი გარემონტებული,დიდი დიღომი,52,2,1,7,1,0,0,2,721
ახალი აშენებული,ახალი გარემონტებული,დიდი დიღომი,45,2,1,0,1,0,1,2,718
ახალი აშენებული,ახალი გარემონტებული,დიდი დიღომი,53,3,1,4,1,0,0,1,717
ახალი აშენებული,ახალი გარემონტებული,დიდი დიღომი,73,3,1,6,1,0,0,1,712
ახალი აშენებული,ახალი გარემონტებული,დიდი დიღომი,48,2,1,0,0,0,0,1,708
ახალი აშენებული,ახალი გარემონტებული,დიდი დიღომი,37,2,1,0,1,1,1,0,703
ახალი აშენებული,ახალი გარემონტებული,დიდი დიღომი,52,2,1,8,0,0,0,1,700
ახალი აშენებული,ახალი გარემონტებული,დიდი დიღომი,78,3,1,8,0,0,0,1,700
ახალი აშენებული,ახალი გარემონტებული,დიდი დიღომი,78,3,1,8,1,0,0,1,700
ახალი აშენებული,ახალი გარემონტებული,დიდი დიღომი,48,2,2,6,1,0,1,2,700
ახალი აშენებული,ახალი გარემონტებული,დიდი დიღომი,48,2,2,6,0,0,1,2,700
ახალი აშენებული,ახალი გარემონტებული,დიდი დიღომი,48,2,1,4,1,0,1,1,698
ახალი აშენებული,ახალი გარემონტებული,დიდი დიღომი,36,2,1,0,1,0,0,0,694
ახალი აშენებული,ახალი გარემონტებული,დიდი დიღომი,66,3,1,3,1,0,0,1,694
ახალი აშენებული,ახალი გარემონტებული,დიდი დიღომი,75,3,1,5,1,0,1,2,692
ახალი აშენებული,ახალი გარემონტებული,დიდი დიღომი,65,2,1,0,0,0,0,1,692
ახალი აშენებული,ახალი გარემონტებული,დიდი დიღომი,61,3,1,4,0,0,1,0,689
ახალი აშენებული,ახალი გარემონტებული,დიდი დიღომი,57,3,1,0,0,0,0,1,689
ახალი აშენებული,ახალი გარემონტებული,დიდი დიღომი,49,2,1,2,1,0,0,2,682
ახალი აშენებული,ახალი გარემონტებული,დიდი დიღომი,57,3,1,3,1,0,1,1,682
ახალი აშენებული,ახალი გარემონტებული,დიდი დიღომი,57,3,1,0,1,0,0,2,681
ახალი აშენებული,ახალი გარემონტებული,დიდი დიღომი,64,3,1,3,1,0,1,1,680
ახალი აშენებული,ახალი გარემონტებული,დიდი დიღომი,50,2,1,5,0,0,0,0,680
ახალი აშენებული,ახალი გარემონტებული,დიდი დიღომი,63,3,1,3,1,0,1,1,675
ახალი აშენებული,ახალი გარემონტებული,დიდი დიღომი,54,3,1,7,1,0,0,0,672
ახალი აშენებული,ახალი გარემონტებული,დიდი დიღომი,50,2,1,3,1,0,0,1,672
ახალი აშენებული,ახალი გარემონტებული,დიდი დიღომი,51,2,1,5,1,1,1,2,671
ახალი აშენებული,ახალი გარემონტებული,დიდი დიღომი,53,3,1,0,0,0,0,1,670
ახალი აშენებული,ახალი გარემონტებული,დიდი დიღომი,80,3,1,10,0,0,0,2,664
ახალი აშენებული,ახალი გარემონტებული,დიდი დიღომი,56,2,1,5,0,0,0,2,661
ახალი აშენებული,ახალი გარემონტებული,დიდი დიღომი,53,2,1,0,1,0,1,0,660
ახალი აშენებული,ახალი გარემონტებული,დიდი დიღომი,55,2,1,3,1,0,1,2,655
ახალი აშენებული,ახალი გარემონტებული,დიდი დიღომი,60,3,1,3,1,0,0,1,655
ახალი აშენებული,ახალი გარემონტებული,დიდი დიღომი,59,3,1,6,0,0,0,1,653
ახალი აშენებული,ახალი გარემონტებული,დიდი დიღომი,48,2,1,0,1,0,0,1,650
ახალი აშენებული,ახალი გარემონტებული,დიდი დიღომი,80,3,2,32,1,0,0,2,638
ახალი აშენებული,ახალი გარემონტებული,დიდი დიღომი,60,2,1,7,0,0,0,1,637
ახალი აშენებული,ახალი გარემონტებული,დიდი დიღომი,61,2,1,8,1,0,0,1,626
ახალი აშენებული,ახალი გარემონტებული,დიდი დიღომი,60,2,1,10,1,0,1,2,625
ახალი აშენებული,ახალი გარემონტებული,დიდი დიღომი,58,2,1,0,1,0,1,0,621
ახალი აშენებული,ახალი გარემონტებული,დიდი დიღომი,56,3,1,6,1,0,1,1,616
ახალი აშენებული,ახალი გარემონტებული,დიდი დიღომი,41,2,1,0,0,0,1,0,610
ახალი აშენებული,ახალი გარემონტებული,დიდი დიღომი,100,4,1,15,1,0,1,1,600
ახალი აშენებული,ახალი გარემონტებული,დიდი დიღომი,81,3,1,0,1,0,1,1,599
ახალი აშენებული,ახალი გარემონტებული,დიდი დიღომი,78,3,1,6,0,0,0,2,590
ახალი აშენებული,ახალი გარემონტებული,დიდი დიღომი,78,3,1,24,0,0,0,1,590
ახალი აშენებული,ახალი გარემონტებული,დიდი დიღომი,79,3,1,5,1,0,1,1,589
ახალი აშენებული,ახალი გარემონტებული,დიდი დიღომი,78,3,1,4,0,0,0,1,577
ახალი აშენებული,ახალი გარემონტებული,დიდი დიღომი,54,1,1,2,1,0,1,0,559
ახალი აშენებული,ახალი გარემონტებული,დიდი დიღომი,72,3,3,6,1,1,1,0,542
ახალი აშენებული,ახალი გარემონტებული,დიდი დიღომი,44,2,1,0,1,0,1,0,520
ახალი აშენებული,თეთრი კარკასი,დიდი დიღომი,60,3,1,7,0,0,0,1,667
ახალი აშენებული,თეთრი კარკასი,დიდი დიღომი,130,5,2,0,0,0,1,1,638
ახალი აშენებული,თეთრი კარკასი,დიდი დიღომი,54,3,1,4,0,0,0,2,620
ახალი აშენებული,თეთრი კარკასი,დიდი დიღომი,47,3,1,0,0,0,1,1,606
ახალი აშენებული,თეთრი კარკასი,დიდი დიღომი,54,2,1,7,1,0,0,1,602
ახალი აშენებული,თეთრი კარკასი,დიდი დიღომი,53,2,1,7,0,0,0,0,600
ახალი აშენებული,თეთრი კარკასი,დიდი დიღომი,80,3,1,8,0,0,0,2,600
ახალი აშენებული,თეთრი კარკასი,დიდი დიღომი,80,3,1,0,0,0,0,0,600
ახალი აშენებული,თეთრი კარკასი,დიდი დიღომი,45,2,1,0,0,0,1,1,600
ახალი აშენებული,თეთრი კარკასი,დიდი დიღომი,62,3,1,0,1,0,0,1,581
ახალი აშენებული,თეთრი კარკასი,დიდი დიღომი,56,2,2,0,0,0,0,1,571
ახალი აშენებული,თეთრი კარკასი,დიდი დიღომი,84,3,1,0,0,0,0,0,563
ახალი აშენებული,თეთრი კარკასი,დიდი დიღომი,56,2,1,3,1,0,0,1,563
ახალი აშენებული,თეთრი კარკასი,დიდი დიღომი,90,4,1,0,0,0,0,0,546
ახალი აშენებული,თეთრი კარკასი,დიდი დიღომი,88,3,1,8,1,0,1,1,472
ახალი აშენებული,შავი კარკასი,დიდი დიღომი,48,2,1,2,0,0,1,2,542
ახალი აშენებული,შავი კარკასი,დიდი დიღომი,76,3,2,0,0,0,1,2,539
ახალი აშენებული,შავი კარკასი,დიდი დიღომი,58,2,1,4,0,0,0,0,517
ახალი აშენებული,შავი კარკასი,დიდი დიღომი,48,2,1,3,0,0,0,0,500
ახალი აშენებული,შავი კარკასი,დიდი დიღომი,51,2,1,8,0,0,0,1,490
ახალი აშენებული,შავი კარკასი,დიდი დიღომი,144,4,2,0,0,0,0,0,467
ახალი აშენებული,შავი კარკასი,დიდი დიღომი,68,3,1,8,0,0,0,1,432
ახალი აშენებული,შავი კარკასი,დიდი დიღომი,108,4,2,15,0,0,1,0,426
ახალი აშენებული,შავი კარკასი,დიდი დიღომი,72,3,2,5,0,0,0,1,414
ძველი აშენებული,ძველი გარემონტებული,დიდი დიღომი,74,2,2,14,1,0,0,1,622
ძველი აშენებული,ძველი გარემონტებული,დიდი დიღომი,67,2,1,0,1,1,0,2,612
ძველი აშენებული,ძველი გარემონტებული,დიდი დიღომი,115,3,3,15,1,1,1,1,548
ძველი აშენებული,ძველი გარემონტებული,დიდი დიღომი,130,4,1,12,1,1,0,1,538
ძველი აშენებული,ძველი გარემონტებული,დიდი დიღომი,85,2,1,4,1,0,0,1,529
ძველი აშენებული,ძველი გარემონტებული,დიდი დიღომი,130,4,1,134,0,0,0,1,481
ძველი აშენებული,ძველი გარემონტებული,დიდი დიღომი,102,4,2,0,0,0,0,2,471
ძველი აშენებული,ძველი გარემონტებული,დიდი დიღომი,100,3,1,7,1,0,1,0,410
ახალი აშენებული,ძველი გარემონტებული,დიდი დიღომი,48,2,1,3,1,1,1,1,625
ძველი აშენებული,ახალი გარემონტებული,დიდუბე,50,2,1,3,1,1,0,0,1000
ძველი აშენებული,ახალი გარემონტებული,დიდუბე,95,3,2,0,1,1,0,1,842
ძველი აშენებული,ახალი გარემონტებული,დიდუბე,68,2,1,6,1,0,1,0,779
ძველი აშენებული,ახალი გარემონტებული,დიდუბე,150,4,1,8,1,1,1,0,633
ძველი აშენებული,ახალი გარემონტებული,დიდუბე,105,5,1,31,1,1,1,0,619
ახალი აშენებული,ახალი გარემონტებული,დიდუბე,51,2,1,5,1,1,1,2,1273
ახალი აშენებული,ახალი გარემონტებული,დიდუბე,79,3,1,10,1,1,0,2,1087
ახალი აშენებული,ახალი გარემონტებული,დიდუბე,50,2,1,2,1,0,1,1,986
ახალი აშენებული,ახალი გარემონტებული,დიდუბე,71,3,1,8,1,1,1,2,958
ახალი აშენებული,ახალი გარემონტებული,დიდუბე,58,2,1,5,1,1,0,1,940
ახალი აშენებული,ახალი გარემონტებული,დიდუბე,74,3,1,0,1,0,0,1,926
ახალი აშენებული,ახალი გარემონტებული,დიდუბე,60,2,1,3,1,1,0,1,917
ახალი აშენებული,ახალი გარემონტებული,დიდუბე,111,3,1,11,1,1,1,1,901
ახალი აშენებული,ახალი გარემონტებული,დიდუბე,75,3,1,5,1,1,0,2,900
ახალი აშენებული,ახალი გარემონტებული,დიდუბე,138,5,1,9,1,0,0,1,900
ახალი აშენებული,ახალი გარემონტებული,დიდუბე,51,2,1,0,1,0,0,1,900
ახალი აშენებული,ახალი გარემონტებული,დიდუბე,44,2,1,4,1,1,1,1,866
ახალი აშენებული,ახალი გარემონტებული,დიდუბე,131,4,2,7,1,1,1,1,858
ახალი აშენებული,ახალი გარემონტებული,დიდუბე,96,3,1,10,1,1,1,1,833
ახალი აშენებული,ახალი გარემონტებული,დიდუბე,100,3,1,0,1,0,1,1,790
ახალი აშენებული,თეთრი კარკასი,დიდუბე,68,3,1,4,1,0,0,1,822
ახალი აშენებული,თეთრი კარკასი,დიდუბე,100,4,2,10,1,0,1,2,599
ახალი აშენებული,შავი კარკასი,დიდუბე,80,3,1,0,0,0,0,2,688
ახალი აშენებული,შავი კარკასი,დიდუბე,98,4,3,9,0,0,1,2,561
ახალი აშენებული,შავი კარკასი,დიდუბე,85,3,1,0,0,0,0,0,500
ძველი აშენებული,ძველი გარემონტებული,დიდუბე,110,4,2,10,0,0,0,0,1364
ძველი აშენებული,ძველი გარემონტებული,დიდუბე,39,2,1,1,1,0,0,0,923
ძველი აშენებული,ძველი გარემონტებული,დიდუბე,40,1,1,8,1,1,1,0,908
ძველი აშენებული,ძველი გარემონტებული,დიდუბე,58,2,1,6,1,0,0,1,855
ძველი აშენებული,ძველი გარემონტებული,დიდუბე,28,1,1,0,0,0,0,0,832
ძველი აშენებული,ძველი გარემონტებული,დიდუბე,50,3,2,5,0,0,0,1,800
ძველი აშენებული,ძველი გარემონტებული,დიდუბე,63,2,1,14,1,0,1,1,794
ძველი აშენებული,ძველი გარემონტებული,დიდუბე,72,3,1,0,1,0,1,1,758
ძველი აშენებული,ძველი გარემონტებული,დიდუბე,119,4,2,19,1,0,1,1,754
ძველი აშენებული,ძველი გარემონტებული,დიდუბე,108,4,1,9,0,0,1,0,725
ძველი აშენებული,ძველი გარემონტებული,დიდუბე,76,3,2,3,1,0,0,0,724
ძველი აშენებული,ძველი გარემონტებული,დიდუბე,60,3,2,2,1,0,0,1,717
ძველი აშენებული,ძველი გარემონტებული,დიდუბე,102,4,2,0,1,0,1,0,708
ძველი აშენებული,ძველი გარემონტებული,დიდუბე,75,3,1,5,1,1,1,1,703
ძველი აშენებული,ძველი გარემონტებული,დიდუბე,60,2,1,0,0,0,0,1,668
ძველი აშენებული,ძველი გარემონტებული,დიდუბე,108,3,3,24,0,0,0,1,556
ძველი აშენებული,ძველი გარემონტებული,დიდუბე,70,2,2,0,0,0,0,0,514
ახალი აშენებული,ძველი გარემონტებული,დიდუბე,126,4,2,13,1,1,1,1,800
ძველი აშენებული,ახალი გარემონტებული,დიღმის მასივი,51,1,1,3,1,0,0,1,1078
ძველი აშენებული,ახალი გარემონტებული,დიღმის მასივი,97,4,2,18,1,1,1,1,803
ძველი აშენებული,ახალი გარემონტებული,დიღმის მასივი,75,3,1,17,1,0,1,0,789
ძველი აშენებული,ახალი გარემონტებული,დიღმის მასივი,101,4,2,12,1,0,1,1,752
ძველი აშენებული,ახალი გარემონტებული,დიღმის მასივი,35,1,1,0,1,0,1,0,743
ძველი აშენებული,ახალი გარემონტებული,დიღმის მასივი,111,5,1,6,1,0,1,1,721
ძველი აშენებული,ახალი გარემონტებული,დიღმის მასივი,63,3,1,2,1,0,1,0,683
ძველი აშენებული,ახალი გარემონტებული,დიღმის მასივი,64,2,1,20,1,1,0,0,597
ახალი აშენებული,ახალი გარემონტებული,დიღმის მასივი,95,4,2,0,0,0,0,2,1300
ახალი აშენებული,ახალი გარემონტებული,დიღმის მასივი,46,2,1,0,1,1,1,2,1100
ახალი აშენებული,ახალი გარემონტებული,დიღმის მასივი,145,4,2,8,1,1,1,2,1034
ახალი აშენებული,ახალი გარემონტებული,დიღმის მასივი,78,3,1,5,1,0,1,2,1032
ახალი აშენებული,ახალი გარემონტებული,დიღმის მასივი,91,3,1,10,1,1,1,2,1000
ახალი აშენებული,ახალი გარემონტებული,დიღმის მასივი,100,3,1,0,1,0,0,0,1000
ახალი აშენებული,ახალი გარემონტებული,დიღმის მასივი,120,4,3,14,1,0,1,2,958
ახალი აშენებული,ახალი გარემონტებული,დიღმის მასივი,23,2,1,0,1,0,1,2,909
ახალი აშენებული,ახალი გარემონტებული,დიღმის მასივი,142,4,2,15,1,1,1,2,890
ახალი აშენებული,ახალი გარემონტებული,დიღმის მასივი,100,3,1,12,1,1,1,2,867
ახალი აშენებული,ახალი გარემონტებული,დიღმის მასივი,73,3,1,4,1,1,0,2,863
ახალი აშენებული,ახალი გარემონტებული,დიღმის მასივი,73,3,1,4,1,1,1,2,863
ახალი აშენებული,ახალი გარემონტებული,დიღმის მასივი,60,3,1,5,1,1,0,0,817
ახალი აშენებული,ახალი გარემონტებული,დიღმის მასივი,130,4,3,0,1,1,1,0,808
ახალი აშენებული,ახალი გარემონტებული,დიღმის მასივი,72,3,1,5,1,0,1,1,722
ახალი აშენებული,ახალი გარემონტებული,დიღმის მასივი,72,3,1,5,1,0,1,1,694
ახალი აშენებული,ახალი გარემონტებული,დიღმის მასივი,64,2,1,20,1,1,0,0,597
ახალი აშენებული,ახალი გარემონტებული,დიღმის მასივი,78,5,1,0,1,0,0,0,590
ახალი აშენებული,ახალი გარემონტებული,დიღმის მასივი,78,5,2,0,1,0,0,1,577
ახალი აშენებული,თეთრი კარკასი,დიღმის მასივი,36,2,1,2,0,0,0,1,944
ახალი აშენებული,თეთრი კარკასი,დიღმის მასივი,40,2,1,7,0,0,0,0,800
ახალი აშენებული,თეთრი კარკასი,დიღმის მასივი,49,2,2,10,1,0,0,2,751
ახალი აშენებული,თეთრი კარკასი,დიღმის მასივი,69,3,2,10,1,0,0,2,700
ახალი აშენებული,შავი კარკასი,დიღმის მასივი,43,2,2,10,1,0,0,2,751
ახალი აშენებული,შავი კარკასი,დიღმის მასივი,60,2,1,11,0,0,1,2,600
ძველი აშენებული,ძველი გარემონტებული,დიღმის მასივი,26,1,1,0,1,0,0,2,927
ძველი აშენებული,ძველი გარემონტებული,დიღმის მასივი,47,2,1,0,1,0,1,2,772
ძველი აშენებული,ძველი გარემონტებული,დიღმის მასივი,70,2,2,15,0,0,0,1,700
ძველი აშენებული,ძველი გარემონტებული,დიღმის მასივი,63,3,1,0,0,0,0,0,668
ძველი აშენებული,ძველი გარემონტებული,დიღმის მასივი,110,4,1,24,1,0,1,1,645
ძველი აშენებული,ძველი გარემონტებული,დიღმის მასივი,75,3,1,10,1,0,0,0,613
ძველი აშენებული,ძველი გარემონტებული,დიღმის მასივი,93,4,1,21,1,0,1,1,602
ძველი აშენებული,ძველი გარემონტებული,დიღმის მასივი,89,3,1,5,1,0,1,0,545
ახალი აშენებული,ძველი გარემონტებული,დიღმის მასივი,50,2,3,2,1,0,0,1,700
ახალი აშენებული,ძველი გარემონტებული,დიღმის მასივი,100,4,1,3,1,0,1,0,570
ძველი აშენებული,ახალი გარემონტებული,ვაზისუბანი,92,4,2,21,1,0,1,0,707
ძველი აშენებული,ახალი გარემონტებული,ვაზისუბანი,58,3,2,0,1,1,1,1,612
ძველი აშენებული,ახალი გარემონტებული,ვაზისუბანი,84,3,2,6,1,0,1,1,532
ახალი აშენებული,ახალი გარემონტებული,ვაზისუბანი,38,2,1,3,1,1,0,0,855
ახალი აშენებული,ახალი გარემონტებული,ვაზისუბანი,90,4,1,8,1,0,1,1,778
ახალი აშენებული,ახალი გარემონტებული,ვაზისუბანი,72,3,1,5,1,0,1,1,742
ახალი აშენებული,ახალი გარემონტებული,ვაზისუბანი,61,2,1,0,1,0,1,1,672
ახალი აშენებული,ახალი გარემონტებული,ვაზისუბანი,61,2,1,0,1,0,1,1,664
ახალი აშენებული,თეთრი კარკასი,ვაზისუბანი,83,3,1,11,0,0,1,1,500
ძველი აშენებული,ძველი გარემონტებული,ვაზისუბანი,80,4,2,12,1,0,1,1,563
ძველი აშენებული,ძველი გარემონტებული,ვაზისუბანი,80,4,2,12,1,0,1,1,563
ძველი აშენებული,ძველი გარემონტებული,ვაზისუბანი,74,3,1,0,1,0,0,2,541
ძველი აშენებული,ახალი გარემონტებული,ვაკე,135,4,2,0,1,0,0,0,1481
ძველი აშენებული,ახალი გარემონტებული,ვაკე,60,2,1,2,1,0,0,1,1463
ძველი აშენებული,ახალი გარემონტებული,ვაკე,130,4,2,47,1,0,0,2,1115
ძველი აშენებული,ახალი გარემონტებული,ვაკე,22,1,1,0,1,1,0,0,1068
ძველი აშენებული,ახალი გარემონტებული,ვაკე,110,3,2,5,0,1,0,0,1042
ძველი აშენებული,ახალი გარემონტებული,ვაკე,195,3,2,5,1,1,1,0,1000
ძველი აშენებული,ახალი გარემონტებული,ვაკე,95,3,1,0,1,1,0,1,944
ძველი აშენებული,ახალი გარემონტებული,ვაკე,140,4,2,0,1,1,1,2,929
ძველი აშენებული,ახალი გარემონტებული,ვაკე,100,3,2,28,1,1,1,1,850
ახალი აშენებული,ახალი გარემონტებული,ვაკე,61,2,1,0,0,0,0,0,1502
ახალი აშენებული,ახალი გარემონტებული,ვაკე,127,3,2,0,1,1,0,1,1417
ახალი აშენებული,ახალი გარემონტებული,ვაკე,109,3,1,27,1,0,0,1,1337
ახალი აშენებული,ახალი გარემონტებული,ვაკე,71,2,1,16,1,0,1,2,1330
ახალი აშენებული,ახალი გარემონტებული,ვაკე,91,2,1,6,1,1,0,1,1319
ახალი აშენებული,ახალი გარემონტებული,ვაკე,102,3,3,0,0,1,1,2,1300
ახალი აშენებული,ახალი გარემონტებული,ვაკე,125,3,1,5,1,1,0,1,1300
ახალი აშენებული,ახალი გარემონტებული,ვაკე,100,3,1,6,1,1,1,1,1290
ახალი აშენებული,ახალი გარემონტებული,ვაკე,153,3,2,40,1,0,0,1,1176
ახალი აშენებული,ახალი გარემონტებული,ვაკე,135,4,1,17,1,0,1,1,1148
ახალი აშენებული,ახალი გარემონტებული,ვაკე,155,5,2,18,1,1,1,1,1146
ახალი აშენებული,ახალი გარემონტებული,ვაკე,88,3,1,12,1,0,0,2,1136
ახალი აშენებული,ახალი გარემონტებული,ვაკე,70,2,1,0,1,1,0,1,1134
ახალი აშენებული,ახალი გარემონტებული,ვაკე,115,3,2,15,1,1,0,1,1130
ახალი აშენებული,ახალი გარემონტებული,ვაკე,98,3,1,8,1,0,0,1,1112
ახალი აშენებული,ახალი გარემონტებული,ვაკე,75,3,1,7,1,1,0,1,1107
ახალი აშენებული,ახალი გარემონტებული,ვაკე,67,3,1,7,1,1,0,1,1075
ახალი აშენებული,ახალი გარემონტებული,ვაკე,127,4,2,8,1,0,1,1,1068
ახალი აშენებული,ახალი გარემონტებული,ვაკე,106,4,1,5,1,1,0,1,1037
ახალი აშენებული,ახალი გარემონტებული,ვაკე,108,3,1,0,1,1,0,1,1019
ახალი აშენებული,ახალი გარემონტებული,ვაკე,70,2,1,14,1,1,0,1,971
ახალი აშენებული,ახალი გარემონტებული,ვაკე,45,2,1,0,1,1,0,0,967
ახალი აშენებული,ახალი გარემონტებული,ვაკე,75,2,3,0,0,1,0,1,955
ახალი აშენებული,ახალი გარემონტებული,ვაკე,90,3,1,0,0,0,0,0,954
ახალი აშენებული,ახალი გარემონტებული,ვაკე,68,2,1,7,1,1,0,1,950
ახალი აშენებული,ახალი გარემონტებული,ვაკე,100,3,2,0,1,1,0,1,935
ახალი აშენებული,ახალი გარემონტებული,ვაკე,82,4,2,0,1,0,1,1,921
ახალი აშენებული,ახალი გარემონტებული,ვაკე,90,4,1,0,1,0,1,1,900
ახალი აშენებული,ახალი გარემონტებული,ვაკე,150,5,2,3,1,1,0,1,833
ახალი აშენებული,ახალი გარემონტებული,ვაკე,92,3,1,5,1,0,0,1,826
ახალი აშენებული,ახალი გარემონტებული,ვაკე,103,2,2,0,1,0,0,1,816
ახალი აშენებული,ახალი გარემონტებული,ვაკე,155,3,2,44,1,0,0,1,742
ახალი აშენებული,თეთრი კარკასი,ვაკე,155,4,2,11,0,0,0,2,993
ახალი აშენებული,თეთრი კარკასი,ვაკე,155,4,2,0,0,0,1,1,985
ახალი აშენებული,თეთრი კარკასი,ვაკე,164,4,2,15,0,0,1,1,928
ახალი აშენებული,თეთრი კარკასი,ვაკე,170,5,3,0,0,0,1,2,854
ახალი აშენებული,თეთრი კარკასი,ვაკე,130,4,3,0,0,0,0,1,800
ახალი აშენებული,თეთრი კარკასი,ვაკე,80,3,1,10,0,0,0,0,800
ახალი აშენებული,თეთრი კარკასი,ვაკე,85,3,1,12,0,0,0,0,765
ახალი აშენებული,თეთრი კარკასი,ვაკე,197,5,1,5,0,0,0,1,660
ძველი აშენებული,ძველი გარემონტებული,ვაკე,45,2,1,0,0,1,0,1,1333
ძველი აშენებული,ძველი გარემონტებული,ვაკე,115,4,1,0,1,0,1,1,1130
ძველი აშენებული,ძველი გარემონტებული,ვაკე,102,4,1,7,1,0,0,2,1049
ძველი აშენებული,ძველი გარემონტებული,ვაკე,91,5,2,2,1,0,0,1,901
ძველი აშენებული,ძველი გარემონტებული,ვაკე,198,5,1,0,0,0,0,0,881
ძველი აშენებული,ძველი გარემონტებული,ვაკე,125,4,1,0,1,0,1,0,880
ძველი აშენებული,ძველი გარემონტებული,ვაკე,160,6,3,54,1,1,0,1,869
ძველი აშენებული,ძველი გარემონტებული,ვაკე,150,4,2,0,1,0,1,1,847
ძველი აშენებული,ძველი გარემონტებული,ვაკე,55,2,1,6,1,0,1,1,818
ძველი აშენებული,ძველი გარემონტებული,ვაკე,200,4,2,41,1,1,1,0,802
ძველი აშენებული,ძველი გარემონტებული,ვაკე,132,4,2,10,0,0,0,1,783
ძველი აშენებული,ძველი გარემონტებული,ვაკე,55,1,1,0,1,0,1,1,782
ძველი აშენებული,ძველი გარემონტებული,ვაკე,182,5,2,50,1,0,0,0,769
ძველი აშენებული,ძველი გარემონტებული,ვაკე,33,2,1,0,0,0,0,0,752
ძველი აშენებული,ძველი გარემონტებული,ვაკე,93,3,1,15,1,1,1,1,720
ძველი აშენებული,ძველი გარემონტებული,ვაკე,140,4,1,0,0,1,1,0,709
ახალი აშენებული,ძველი გარემონტებული,ვაკე,160,3,2,20,1,0,1,1,938
ძველი აშენებული,ახალი გარემონტებული,ვაჟა-ფშაველას კვარტლები  (I-VII),53,2,1,3,1,1,0,1,1226
ძველი აშენებული,ახალი გარემონტებული,ვაჟა-ფშაველას კვარტლები  (I-VII),32,1,1,3,0,1,0,0,1125
ძველი აშენებული,ახალი გარემონტებული,ვაჟა-ფშაველას კვარტლები  (I-VII),90,2,1,5,1,1,1,1,1119
ძველი აშენებული,ახალი გარემონტებული,ვაჟა-ფშაველას კვარტლები  (I-VII),93,3,1,24,1,0,1,1,804
ახალი აშენებული,ახალი გარემონტებული,ვაჟა-ფშაველას კვარტლები  (I-VII),40,2,1,8,1,0,1,1,1250
ახალი აშენებული,ახალი გარემონტებული,ვაჟა-ფშაველას კვარტლები  (I-VII),74,3,1,1,1,1,0,2,1073
ახალი აშენებული,ახალი გარემონტებული,ვაჟა-ფშაველას კვარტლები  (I-VII),125,5,2,12,1,1,0,1,1062
ახალი აშენებული,ახალი გარემონტებული,ვაჟა-ფშაველას კვარტლები  (I-VII),68,2,1,0,1,1,1,0,765
ძველი აშენებული,შავი კარკასი,ვაჟა-ფშაველას კვარტლები  (I-VII),74,3,1,32,0,0,0,0,500
ძველი აშენებული,ძველი გარემონტებული,ვაჟა-ფშაველას კვარტლები  (I-VII),107,4,1,20,1,0,0,1,1000
ძველი აშენებული,ახალი გარემონტებული,ვარკეთილი,60,3,1,9,1,1,0,0,650
ძველი აშენებული,ახალი გარემონტებული,ვარკეთილი,66,3,1,7,1,0,0,1,579
ძველი აშენებული,ახალი გარემონტებული,ვარკეთილი,60,2,1,60,1,0,0,1,533
ძველი აშენებული,ახალი გარემონტებული,ვარკეთილი,86,3,3,5,0,0,0,1,529
ძველი აშენებული,ახალი გარემონტებული,ვარკეთილი,72,2,1,0,1,0,0,1,528
ძველი აშენებული,ახალი გარემონტებული,ვარკეთილი,110,5,2,20,1,1,1,1,409
ახალი აშენებული,ახალი გარემონტებული,ვარკეთილი,42,2,1,4,1,1,1,2,881
ახალი აშენებული,ახალი გარემონტებული,ვარკეთილი,84,3,1,7,1,0,1,0,805
ახალი აშენებული,ახალი გარემონტებული,ვარკეთილი,45,2,2,4,1,0,1,1,798
ახალი აშენებული,ახალი გარემონტებული,ვარკეთილი,50,2,2,0,1,0,0,1,794
ახალი აშენებული,ახალი გარემონტებული,ვარკეთილი,70,3,1,7,0,0,1,1,786
ახალი აშენებული,ახალი გარემონტებული,ვარკეთილი,48,2,1,0,1,0,0,1,771
ახალი აშენებული,ახალი გარემონტებული,ვარკეთილი,71,3,1,0,1,0,1,2,732
ახალი აშენებული,ახალი გარემონტებული,ვარკეთილი,78,4,1,6,1,0,0,2,731
ახალი აშენებული,ახალი გარემონტებული,ვარკეთილი,62,3,1,3,1,0,1,2,726
ახალი აშენებული,ახალი გარემონტებული,ვარკეთილი,49,2,1,6,1,0,1,1,714
ახალი აშენებული,ახალი გარემონტებული,ვარკეთილი,50,2,1,5,1,0,1,2,700
ახალი აშენებული,ახალი გარემონტებული,ვარკეთილი,54,3,1,3,1,0,0,2,694
ახალი აშენებული,ახალი გარემონტებული,ვარკეთილი,66,3,1,5,1,0,0,2,689
ახალი აშენებული,ახალი გარემონტებული,ვარკეთილი,74,4,2,3,1,0,1,1,670
ახალი აშენებული,ახალი გარემონტებული,ვარკეთილი,42,2,1,2,0,0,1,2,621
ახალი აშენებული,ახალი გარემონტებული,ვარკეთილი,54,2,1,0,1,0,1,1,611
ახალი აშენებული,ახალი გარემონტებული,ვარკეთილი,45,2,1,8,1,0,1,2,589
ახალი აშენებული,ახალი გარემონტებული,ვარკეთილი,65,2,1,11,0,0,0,0,538
ახალი აშენებული,თეთრი კარკასი,ვარკეთილი,49,3,1,4,0,0,0,0,561
ახალი აშენებული,თეთრი კარკასი,ვარკეთილი,58,3,1,4,0,0,0,1,469
ძველი აშენებული,ძველი გარემონტებული,ვარკეთილი,37,1,1,25,1,1,0,1,676
ძველი აშენებული,ძველი გარემონტებული,ვარკეთილი,65,3,2,0,1,0,1,1,600
ძველი აშენებული,ძველი გარემონტებული,ვარკეთილი,65,2,1,15,1,0,1,1,575
ძველი აშენებული,ძველი გარემონტებული,ვარკეთილი,71,3,1,15,0,0,1,1,563
ძველი აშენებული,ძველი გარემონტებული,ვარკეთილი,72,3,1,13,1,1,1,1,556
ძველი აშენებული,ძველი გარემონტებული,ვარკეთილი,50,1,1,15,1,0,0,1,540
ძველი აშენებული,ძველი გარემონტებული,ვარკეთილი,102,3,2,10,1,0,1,1,539
ძველი აშენებული,ძველი გარემონტებული,ვარკეთილი,70,2,1,12,1,0,1,1,529
ძველი აშენებული,ძველი გარემონტებული,ვარკეთილი,74,3,1,0,1,0,1,1,527
ძველი აშენებული,ძველი გარემონტებული,ვარკეთილი,73,2,3,28,0,0,0,1,523
ძველი აშენებული,ძველი გარემონტებული,ვარკეთილი,60,1,2,0,1,0,0,1,483
ძველი აშენებული,ძველი გარემონტებული,ვარკეთილი,52,2,1,7,0,0,1,0,481
ძველი აშენებული,ძველი გარემონტებული,ვარკეთილი,62,3,1,0,0,0,0,0,468
ძველი აშენებული,ძველი გარემონტებული,ვარკეთილი,62,3,2,23,1,0,0,1,468
ძველი აშენებული,ძველი გარემონტებული,ვარკეთილი,65,3,1,0,1,0,1,0,446
ძველი აშენებული,ძველი გარემონტებული,ვარკეთილი,50,2,2,7,1,0,0,1,440
ძველი აშენებული,ძველი გარემონტებული,ვარკეთილი,90,4,1,13,1,0,0,0,424
ძველი აშენებული,ძველი გარემონტებული,ვარკეთილი,87,3,1,16,1,0,1,0,402
ძველი აშენებული,ახალი გარემონტებული,ვაშლიჯვარი,85,3,1,0,1,0,0,1,765
ძველი აშენებული,ახალი გარემონტებული,ვაშლიჯვარი,100,4,1,0,1,1,1,0,595
ახალი აშენებული,ახალი გარემონტებული,ვაშლიჯვარი,42,1,1,7,1,1,1,1,881
ახალი აშენებული,ახალი გარემონტებული,ვაშლიჯვარი,39,2,1,0,0,0,0,1,841
ახალი აშენებული,ახალი გარემონტებული,ვაშლიჯვარი,63,3,1,0,0,0,0,1,830
ახალი აშენებული,ახალი გარემონტებული,ვაშლიჯვარი,70,3,1,0,0,0,0,1,819
ახალი აშენებული,შავი კარკასი,ვაშლიჯვარი,48,2,1,2,1,0,1,1,546
ახალი აშენებული,შავი კარკასი,ვაშლიჯვარი,71,3,1,6,1,0,1,1,545
ახალი აშენებული,შავი კარკასი,ვაშლიჯვარი,53,2,1,8,0,0,0,1,521
ძველი აშენებული,ძველი გარემონტებული,ვაშლიჯვარი,60,2,1,3,0,0,0,1,550
ძველი აშენებული,ძველი გარემონტებული,ვაშლიჯვარი,80,3,1,9,0,0,0,2,500
ძველი აშენებული,ახალი გარემონტებული,ვერა,95,4,1,15,1,1,1,1,958
ახალი აშენებული,ახალი გარემონტებული,ვერა,218,6,2,0,1,1,0,2,1147
ახალი აშენებული,ახალი გარემონტებული,ვერა,110,3,2,20,1,0,0,1,955
ახალი აშენებული,თეთრი კარკასი,ვერა,80,3,1,2,0,0,0,1,1313
ახალი აშენებული,თეთრი კარკასი,ვერა,71,2,1,0,1,0,0,1,1225
ახალი აშენებული,თეთრი კარკასი,ვერა,245,5,2,0,0,0,1,2,1061
ახალი აშენებული,თეთრი კარკასი,ვერა,245,5,2,56,1,0,1,2,1057
ახალი აშენებული,თეთრი კარკასი,ვერა,90,3,1,0,0,0,0,0,944
ახალი აშენებული,შავი კარკასი,ვერა,90,3,1,0,0,0,0,0,800
ძველი აშენებული,ძველი გარემონტებული,ვერა,54,2,1,0,0,0,0,0,1019
ძველი აშენებული,ძველი გარემონტებული,ვერა,160,5,2,0,1,0,1,0,871
ძველი აშენებული,ძველი გარემონტებული,ვერა,60,2,1,0,1,0,0,0,783
ძველი აშენებული,ძველი გარემონტებული,ვერა,100,3,2,0,1,0,1,1,661
ძველი აშენებული,ძველი გარემონტებული,ვერა,84,3,1,10,0,0,1,0,655
ძველი აშენებული,ახალი გარემონტებული,ზღვისუბანი (თემქა),58,2,1,4,0,0,0,1,621
ძველი აშენებული,ახალი გარემონტებული,ზღვისუბანი (თემქა),68,2,1,10,1,1,1,0,584
ძველი აშენებული,ახალი გარემონტებული,ზღვისუბანი (თემქა),72,4,1,1,0,1,0,0,576
ახალი აშენებული,ახალი გარემონტებული,ზღვისუბანი (თემქა),62,3,1,4,1,0,1,2,806
ახალი აშენებული,ახალი გარემონტებული,ზღვისუბანი (თემქა),69,3,1,4,0,0,0,1,681
ძველი აშენებული,ძველი გარემონტებული,ზღვისუბანი (თემქა),35,2,1,3,1,0,1,1,566
ძველი აშენებული,ძველი გარემონტებული,ზღვისუბანი (თემქა),70,3,2,23,1,0,0,1,529
ძველი აშენებული,ძველი გარემონტებული,ზღვისუბანი (თემქა),60,2,1,17,1,1,0,1,517
ძველი აშენებული,ძველი გარემონტებული,ზღვისუბანი (თემქა),70,3,2,30,1,0,0,1,500
ძველი აშენებული,ძველი გარემონტებული,ზღვისუბანი (თემქა),80,3,1,13,0,1,1,1,463
ძველი აშენებული,ახალი გარემონტებული,ისანი,35,1,3,0,1,0,1,0,771
ძველი აშენებული,ახალი გარემონტებული,ისანი,80,3,1,3,1,1,0,1,663
ძველი აშენებული,ახალი გარემონტებული,ისანი,77,3,1,12,1,0,1,0,623
ძველი აშენებული,ახალი გარემონტებული,ისანი,35,1,1,4,1,0,1,1,523
ძველი აშენებული,ახალი გარემონტებული,ისანი,67,3,2,8,1,1,0,2,522
ძველი აშენებული,ახალი გარემონტებული,ისანი,77,3,1,10,1,0,1,0,405
ახალი აშენებული,ახალი გარემონტებული,ისანი,41,2,1,8,1,0,1,2,1122
ახალი აშენებული,ახალი გარემონტებული,ისანი,72,3,1,0,1,1,1,2,917
ახალი აშენებული,ახალი გარემონტებული,ისანი,72,3,2,6,1,0,0,1,833
ახალი აშენებული,ახალი გარემონტებული,ისანი,72,3,2,0,1,0,1,1,833
ახალი აშენებული,ახალი გარემონტებული,ისანი,54,2,1,6,1,0,1,2,796
ახალი აშენებული,ახალი გარემონტებული,ისანი,61,3,1,0,1,0,1,1,754
ახალი აშენებული,ახალი გარემონტებული,ისანი,105,3,1,3,1,1,1,2,638
ახალი აშენებული,თეთრი კარკასი,ისანი,55,2,1,10,1,0,1,2,809
ახალი აშენებული,თეთრი კარკასი,ისანი,135,3,2,25,0,0,1,1,681
ახალი აშენებული,შავი კარკასი,ისანი,85,3,1,3,0,0,0,2,700
ახალი აშენებული,შავი კარკასი,ისანი,140,4,2,1,0,0,0,1,650
ძველი აშენებული,ძველი გარემონტებული,ისანი,30,1,1,0,1,0,0,1,867
ძველი აშენებული,ძველი გარემონტებული,ისანი,77,3,1,0,1,1,1,1,729
ძველი აშენებული,ძველი გარემონტებული,ისანი,62,3,1,9,1,1,0,1,726
ძველი აშენებული,ძველი გარემონტებული,ისანი,67,3,1,0,1,0,0,0,667
ძველი აშენებული,ძველი გარემონტებული,ისანი,76,3,2,3,1,0,1,1,638
ძველი აშენებული,ძველი გარემონტებული,ისანი,120,5,1,17,1,0,1,1,586
ძველი აშენებული,ძველი გარემონტებული,ისანი,65,2,2,0,1,1,0,0,585
ძველი აშენებული,ძველი გარემონტებული,ისანი,54,2,2,2,1,0,0,0,583
ძველი აშენებული,ძველი გარემონტებული,ისანი,90,3,2,0,1,0,0,1,533
ძველი აშენებული,ძველი გარემონტებული,ისანი,67,3,2,8,1,1,1,2,522
ძველი აშენებული,ძველი გარემონტებული,ისანი,115,4,1,30,1,1,1,1,449
ძველი აშენებული,ძველი გარემონტებული,ისანი,35,1,3,0,0,0,1,2,429
ძველი აშენებული,ახალი გარემონტებული,მთაწმინდა,26,1,1,0,0,0,1,0,1058
ახალი აშენებული,ახალი გარემონტებული,მთაწმინდა,33,1,1,0,1,1,1,0,1258
ძველი აშენებული,ძველი გარემონტებული,მთაწმინდა,118,4,1,20,1,0,1,0,1000
ძველი აშენებული,ძველი გარემონტებული,მთაწმინდა,47,2,1,0,1,0,1,0,862
ძველი აშენებული,ძველი გარემონტებული,მთაწმინდა,47,2,1,0,1,0,1,0,862
ძველი აშენებული,ძველი გარემონტებული,მთაწმინდა,225,7,2,0,1,0,1,0,850
ძველი აშენებული,ძველი გარემონტებული,მუხიანი,75,2,3,18,1,1,1,1,600
ძველი აშენებული,ძველი გარემონტებული,მუხიანი,98,4,1,6,1,0,0,0,546
ძველი აშენებული,ძველი გარემონტებული,მუხიანი,100,4,1,3,1,0,1,1,440
ძველი აშენებული,ახალი გარემონტებული,ნაძალადევი,38,1,2,0,1,1,1,1,1053
ძველი აშენებული,ახალი გარემონტებული,ნაძალადევი,38,2,1,0,1,0,1,1,921
ძველი აშენებული,ახალი გარემონტებული,ნაძალადევი,40,1,1,0,1,0,1,0,825
ძველი აშენებული,ახალი გარემონტებული,ნაძალადევი,110,5,1,4,1,0,1,1,818
ძველი აშენებული,ახალი გარემონტებული,ნაძალადევი,84,4,2,3,1,1,1,1,738
ძველი აშენებული,ახალი გარემონტებული,ნაძალადევი,82,3,1,6,1,0,0,1,666
ძველი აშენებული,ახალი გარემონტებული,ნაძალადევი,72,4,2,0,1,0,1,0,663
ძველი აშენებული,ახალი გარემონტებული,ნაძალადევი,85,3,1,19,1,1,1,1,647
ძველი აშენებული,ახალი გარემონტებული,ნაძალადევი,40,1,1,0,0,0,1,1,623
ახალი აშენებული,ახალი გარემონტებული,ნაძალადევი,49,2,1,4,1,0,1,1,1016
ახალი აშენებული,თეთრი კარკასი,ნაძალადევი,54,2,1,3,1,0,0,1,620
ძველი აშენებული,ძველი გარემონტებული,ნაძალადევი,36,1,1,6,1,0,0,1,792
ძველი აშენებული,ძველი გარემონტებული,ნაძალადევი,50,3,1,7,1,0,1,0,560
ძველი აშენებული,ძველი გარემონტებული,ნაძალადევი,45,2,1,0,0,0,0,0,444
ძველი აშენებული,ძველი გარემონტებული,ნაძალადევი,140,4,2,0,1,0,1,0,412
ძველი აშენებული,ახალი გარემონტებული,ნუცუბიძის მიკრორაიონები (I-V),94,3,2,9,1,1,1,2,851
ძველი აშენებული,ახალი გარემონტებული,ნუცუბიძის მიკრორაიონები (I-V),49,3,1,0,1,0,1,1,837
ძველი აშენებული,ახალი გარემონტებული,ნუცუბიძის მიკრორაიონები (I-V),56,3,1,0,1,0,1,2,784
ძველი აშენებული,ახალი გარემონტებული,ნუცუბიძის მიკრორაიონები (I-V),50,3,1,0,0,0,0,0,758
ძველი აშენებული,ახალი გარემონტებული,ნუცუბიძის მიკრორაიონები (I-V),51,3,1,0,1,0,0,0,743
ძველი აშენებული,ახალი გარემონტებული,ნუცუბიძის მიკრორაიონები (I-V),130,4,1,0,1,0,1,1,670
ძველი აშენებული,ახალი გარემონტებული,ნუცუბიძის მიკრორაიონები (I-V),76,3,1,0,1,0,1,2,553
ახალი აშენებული,ახალი გარემონტებული,ნუცუბიძის მიკრორაიონები (I-V),200,5,3,24,1,1,1,0,740
ძველი აშენებული,ძველი გარემონტებული,ნუცუბიძის მიკრორაიონები (I-V),87,3,1,7,0,1,0,1,690
ძველი აშენებული,ძველი გარემონტებული,ნუცუბიძის მიკრორაიონები (I-V),140,4,2,26,1,0,0,1,643
ძველი აშენებული,ძველი გარემონტებული,ნუცუბიძის მიკრორაიონები (I-V),50,2,1,0,1,0,0,1,640
ძველი აშენებული,ძველი გარემონტებული,ნუცუბიძის მიკრორაიონები (I-V),100,3,2,4,1,0,0,1,588
ძველი აშენებული,ძველი გარემონტებული,ნუცუბიძის მიკრორაიონები (I-V),115,4,2,25,1,1,0,1,539
ძველი აშენებული,ძველი გარემონტებული,ნუცუბიძის მიკრორაიონები (I-V),100,3,1,8,1,1,1,1,530
ძველი აშენებული,ძველი გარემონტებული,ნუცუბიძის მიკრორაიონები (I-V),120,4,2,10,0,0,0,0,475
ძველი აშენებული,ახალი გარემონტებული,ორთაჭალა,82,4,1,0,1,1,0,1,915
ძველი აშენებული,ახალი გარემონტებული,ორთაჭალა,56,2,1,0,1,1,0,0,852
ძველი აშენებული,ახალი გარემონტებული,ორთაჭალა,67,3,1,0,1,0,1,0,625
ახალი აშენებული,ახალი გარემონტებული,ორთაჭალა,78,3,1,11,1,1,1,2,995
ახალი აშენებული,ახალი გარემონტებული,ორთაჭალა,52,2,1,6,0,0,0,1,904
ახალი აშენებული,ახალი გარემონტებული,ორთაჭალა,50,2,1,0,1,1,0,1,880
ახალი აშენებული,ახალი გარემონტებული,ორთაჭალა,133,4,2,6,1,0,1,1,865
ახალი აშენებული,ახალი გარემონტებული,ორთაჭალა,94,3,1,0,1,0,1,1,798
ახალი აშენებული,თეთრი კარკასი,ორთაჭალა,52,2,2,5,0,0,0,2,769
ახალი აშენებული,თეთრი კარკასი,ორთაჭალა,110,4,2,0,0,0,0,2,609
ახალი აშენებული,შავი კარკასი,ორთაჭალა,60,2,1,0,1,0,1,2,752
ახალი აშენებული,შავი კარკასი,ორთაჭალა,53,2,1,0,1,0,1,2,736
ახალი აშენებული,შავი კარკასი,ორთაჭალა,67,3,1,0,1,0,1,2,736
ახალი აშენებული,შავი კარკასი,ორთაჭალა,77,3,2,0,1,0,1,2,736
ახალი აშენებული,შავი კარკასი,ორთაჭალა,67,3,1,0,1,0,1,2,731
ძველი აშენებული,ძველი გარემონტებული,ორთაჭალა,34,1,1,4,1,0,1,0,647
ძველი აშენებული,ახალი გარემონტებული,საბურთალო,42,2,1,1,1,1,0,0,1476
ძველი აშენებული,ახალი გარემონტებული,საბურთალო,100,3,1,0,0,0,0,1,1127
ძველი აშენებული,ახალი გარემონტებული,საბურთალო,37,2,1,3,1,0,0,1,1124
ძველი აშენებული,ახალი გარემონტებული,საბურთალო,37,2,1,3,1,0,0,1,1124
ძველი აშენებული,ახალი გარემონტებული,საბურთალო,90,3,1,0,1,1,0,2,1111
ძველი აშენებული,ახალი გარემონტებული,საბურთალო,65,3,2,0,1,0,1,1,1108
ძველი აშენებული,ახალი გარემონტებული,საბურთალო,110,3,2,8,1,1,0,2,1100
ძველი აშენებული,ახალი გარემონტებული,საბურთალო,105,4,2,10,1,1,1,2,1010
ძველი აშენებული,ახალი გარემონტებული,საბურთალო,120,3,1,28,1,0,1,0,1000
ძველი აშენებული,ახალი გარემონტებული,საბურთალო,38,2,1,3,1,0,1,1,1000
ძველი აშენებული,ახალი გარემონტებული,საბურთალო,140,7,2,23,1,0,0,0,1000
ძველი აშენებული,ახალი გარემონტებული,საბურთალო,58,2,1,13,0,0,0,1,1000
ძველი აშენებული,ახალი გარემონტებული,საბურთალო,103,4,1,0,1,1,1,1,1000
ძველი აშენებული,ახალი გარემონტებული,საბურთალო,80,3,1,0,1,0,0,1,1000
ძველი აშენებული,ახალი გარემონტებული,საბურთალო,75,3,2,0,1,0,0,1,973
ძველი აშენებული,ახალი გარემონტებული,საბურთალო,63,3,1,0,1,1,1,0,968
ძველი აშენებული,ახალი გარემონტებული,საბურთალო,55,2,1,10,1,1,1,1,964
ძველი აშენებული,ახალი გარემონტებული,საბურთალო,19,1,1,0,1,0,0,1,947
ძველი აშენებული,ახალი გარემონტებული,საბურთალო,60,3,1,3,1,1,1,0,935
ძველი აშენებული,ახალი გარემონტებული,საბურთალო,40,2,1,0,1,0,0,1,925
ძველი აშენებული,ახალი გარემონტებული,საბურთალო,26,1,1,0,1,0,0,1,923
ძველი აშენებული,ახალი გარემონტებული,საბურთალო,60,2,2,0,1,1,1,1,917
ძველი აშენებული,ახალი გარემონტებული,საბურთალო,36,2,2,0,1,1,1,0,903
ძველი აშენებული,ახალი გარემონტებული,საბურთალო,33,2,1,0,1,0,0,0,894
ძველი აშენებული,ახალი გარემონტებული,საბურთალო,28,1,1,0,1,0,0,0,893
ძველი აშენებული,ახალი გარემონტებული,საბურთალო,80,3,2,0,1,1,1,0,886
ძველი აშენებული,ახალი გარემონტებული,საბურთალო,82,4,2,0,1,1,0,0,866
ძველი აშენებული,ახალი გარემონტებული,საბურთალო,175,5,1,0,0,0,1,1,857
ძველი აშენებული,ახალი გარემონტებული,საბურთალო,90,3,1,0,1,1,1,2,833
ძველი აშენებული,ახალი გარემონტებული,საბურთალო,120,4,1,8,1,1,1,1,833
ძველი აშენებული,ახალი გარემონტებული,საბურთალო,120,3,2,4,1,1,1,1,833
ძველი აშენებული,ახალი გარემონტებული,საბურთალო,60,2,2,3,1,1,0,0,827
ძველი აშენებული,ახალი გარემონტებული,საბურთალო,65,2,1,0,1,0,1,1,823
ძველი აშენებული,ახალი გარემონტებული,საბურთალო,74,3,1,10,0,0,0,0,811
ძველი აშენებული,ახალი გარემონტებული,საბურთალო,93,3,1,24,1,0,1,1,804
ძველი აშენებული,ახალი გარემონტებული,საბურთალო,145,4,2,28,1,0,0,1,793
ძველი აშენებული,ახალი გარემონტებული,საბურთალო,100,3,1,5,1,1,1,1,780
ძველი აშენებული,ახალი გარემონტებული,საბურთალო,90,3,1,10,1,1,1,2,780
ძველი აშენებული,ახალი გარემონტებული,საბურთალო,58,1,1,20,1,0,0,1,776
ძველი აშენებული,ახალი გარემონტებული,საბურთალო,51,3,1,0,1,1,1,0,743
ძველი აშენებული,ახალი გარემონტებული,საბურთალო,80,3,1,0,1,1,1,0,700
ძველი აშენებული,ახალი გარემონტებული,საბურთალო,49,2,2,0,1,0,1,1,684
ძველი აშენებული,ახალი გარემონტებული,საბურთალო,250,10,3,38,1,1,1,0,640
ძველი აშენებული,ახალი გარემონტებული,საბურთალო,129,4,1,0,1,0,1,0,504
ახალი აშენებული,ახალი გარემონტებული,საბურთალო,60,3,1,3,1,1,0,2,1450
ახალი აშენებული,ახალი გარემონტებული,საბურთალო,80,3,1,4,1,1,0,2,1438
ახალი აშენებული,ახალი გარემონტებული,საბურთალო,65,2,1,5,1,0,0,1,1385
ახალი აშენებული,ახალი გარემონტებული,საბურთალო,180,4,1,24,1,1,1,2,1379
ახალი აშენებული,ახალი გარემონტებული,საბურთალო,50,2,1,0,1,0,1,1,1360
ახალი აშენებული,ახალი გარემონტებული,საბურთალო,78,2,1,11,1,1,1,1,1346
ახალი აშენებული,ახალი გარემონტებული,საბურთალო,47,2,2,0,1,0,0,0,1340
ახალი აშენებული,ახალი გარემონტებული,საბურთალო,47,2,2,0,1,0,0,0,1340
ახალი აშენებული,ახალი გარემონტებული,საბურთალო,50,3,1,4,1,0,0,1,1340
ახალი აშენებული,ახალი გარემონტებული,საბურთალო,72,3,1,12,1,1,0,1,1319
ახალი აშენებული,ახალი გარემონტებული,საბურთალო,59,2,1,5,1,1,0,1,1305
ახალი აშენებული,ახალი გარემონტებული,საბურთალო,131,4,3,13,1,0,0,2,1294
ახალი აშენებული,ახალი გარემონტებული,საბურთალო,50,2,1,7,1,1,0,0,1284
ახალი აშენებული,ახალი გარემონტებული,საბურთალო,164,5,3,0,1,1,0,2,1280
ახალი აშენებული,ახალი გარემონტებული,საბურთალო,90,3,2,60,1,1,0,1,1278
ახალი აშენებული,ახალი გარემონტებული,საბურთალო,98,3,1,8,1,1,1,2,1276
ახალი აშენებული,ახალი გარემონტებული,საბურთალო,70,2,1,0,1,0,0,2,1260
ახალი აშენებული,ახალი გარემონტებული,საბურთალო,55,2,1,0,0,0,0,0,1255
ახალი აშენებული,ახალი გარემონტებული,საბურთალო,88,3,2,4,1,1,0,0,1250
ახალი აშენებული,ახალი გარემონტებული,საბურთალო,118,4,2,18,1,0,1,1,1230
ახალი აშენებული,ახალი გარემონტებული,საბურთალო,135,4,2,18,1,0,1,1,1220
ახალი აშენებული,ახალი გარემონტებული,საბურთალო,124,4,2,9,1,0,0,2,1218
ახალი აშენებული,ახალი გარემონტებული,საბურთალო,140,4,2,10,1,1,1,2,1214
ახალი აშენებული,ახალი გარემონტებული,საბურთალო,58,2,1,0,1,0,0,1,1207
ახალი აშენებული,ახალი გარემონტებული,საბურთალო,100,3,2,0,1,1,0,2,1203
ახალი აშენებული,ახალი გარემონტებული,საბურთალო,50,2,1,0,1,0,0,1,1200
ახალი აშენებული,ახალი გარემონტებული,საბურთალო,200,5,2,0,1,1,1,1,1200
ახალი აშენებული,ახალი გარემონტებული,საბურთალო,80,3,1,3,1,0,0,2,1199
ახალი აშენებული,ახალი გარემონტებული,საბურთალო,46,2,1,5,1,1,0,1,1196
ახალი აშენებული,ახალი გარემონტებული,საბურთალო,53,3,1,6,1,1,0,1,1189
ახალი აშენებული,ახალი გარემონტებული,საბურთალო,100,3,1,14,1,0,1,1,1184
ახალი აშენებული,ახალი გარემონტებული,საბურთალო,115,4,2,20,1,1,0,1,1183
ახალი აშენებული,ახალი გარემონტებული,საბურთალო,53,3,1,6,1,1,0,1,1170
ახალი აშენებული,ახალი გარემონტებული,საბურთალო,48,2,1,3,1,0,0,1,1167
ახალი აშენებული,ახალი გარემონტებული,საბურთალო,52,2,1,6,1,1,1,1,1154
ახალი აშენებული,ახალი გარემონტებული,საბურთალო,41,2,1,2,1,1,0,1,1146
ახალი აშენებული,ახალი გარემონტებული,საბურთალო,70,2,1,10,1,1,0,1,1141
ახალი აშენებული,ახალი გარემონტებული,საბურთალო,110,4,2,10,1,0,1,1,1136
ახალი აშენებული,ახალი გარემონტებული,საბურთალო,110,3,2,10,1,1,1,2,1136
ახალი აშენებული,ახალი გარემონტებული,საბურთალო,62,2,1,0,1,0,1,2,1129
ახალი აშენებული,ახალი გარემონტებული,საბურთალო,101,3,1,0,1,0,0,1,1129
ახალი აშენებული,ახალი გარემონტებული,საბურთალო,120,4,2,5,1,1,1,2,1125
ახალი აშენებული,ახალი გარემონტებული,საბურთალო,240,5,3,26,1,1,1,1,1125
ახალი აშენებული,ახალი გარემონტებული,საბურთალო,98,3,1,8,1,0,0,1,1112
ახალი აშენებული,ახალი გარემონტებული,საბურთალო,44,2,1,3,1,0,1,0,1111
ახალი აშენებული,ახალი გარემონტებული,საბურთალო,45,2,1,3,1,0,1,2,1109
ახალი აშენებული,ახალი გარემონტებული,საბურთალო,112,4,2,12,1,1,0,2,1107
ახალი აშენებული,ახალი გარემონტებული,საბურთალო,82,3,1,0,1,0,0,1,1096
ახალი აშენებული,ახალი გარემონტებული,საბურთალო,64,2,1,0,1,0,1,2,1094
ახალი აშენებული,ახალი გარემონტებული,საბურთალო,55,3,2,6,1,0,0,0,1091
ახალი აშენებული,ახალი გარემონტებული,საბურთალო,57,3,1,3,1,0,0,1,1086
ახალი აშენებული,ახალი გარემონტებული,საბურთალო,60,3,1,8,1,0,1,1,1083
ახალი აშენებული,ახალი გარემონტებული,საბურთალო,67,3,1,7,1,1,0,1,1075
ახალი აშენებული,ახალი გარემონტებული,საბურთალო,93,4,1,4,1,0,1,1,1072
ახალი აშენებული,ახალი გარემონტებული,საბურთალო,60,2,1,6,1,0,0,1,1067
ახალი აშენებული,ახალი გარემონტებული,საბურთალო,108,3,2,18,1,0,0,1,1065
ახალი აშენებული,ახალი გარემონტებული,საბურთალო,64,2,1,6,1,1,0,1,1063
ახალი აშენებული,ახალი გარემონტებული,საბურთალო,73,3,1,6,0,1,0,2,1055
ახალი აშენებული,ახალი გარემონტებული,საბურთალო,140,4,3,12,1,1,0,1,1051
ახალი აშენებული,ახალი გარემონტებული,საბურთალო,105,2,1,20,1,1,1,0,1048
ახალი აშენებული,ახალი გარემონტებული,საბურთალო,220,5,2,20,1,1,1,1,1045
ახალი აშენებული,ახალი გარემონტებული,საბურთალო,56,2,1,3,1,0,0,2,1034
ახალი აშენებული,ახალი გარემონტებული,საბურთალო,60,2,1,4,0,0,0,0,1032
ახალი აშენებული,ახალი გარემონტებული,საბურთალო,68,3,1,3,1,1,0,1,1029
ახალი აშენებული,ახალი გარემონტებული,საბურთალო,108,3,2,18,1,0,0,1,1025
ახალი აშენებული,ახალი გარემონტებული,საბურთალო,98,3,1,0,1,1,1,1,1020
ახალი აშენებული,ახალი გარემონტებული,საბურთალო,58,3,1,4,1,0,0,2,1007
ახალი აშენებული,ახალი გარემონტებული,საბურთალო,43,2,1,4,1,0,1,1,1000
ახალი აშენებული,ახალი გარემონტებული,საბურთალო,145,3,2,22,1,1,1,1,1000
ახალი აშენებული,ახალი გარემონტებული,საბურთალო,80,3,1,7,1,0,1,1,1000
ახალი აშენებული,ახალი გარემონტებული,საბურთალო,108,3,1,9,1,0,0,1,1000
ახალი აშენებული,ახალი გარემონტებული,საბურთალო,108,3,1,5,1,0,0,1,990
ახალი აშენებული,ახალი გარემონტებული,საბურთალო,61,2,1,4,1,0,0,2,982
ახალი აშენებული,ახალი გარემონტებული,საბურთალო,46,2,1,3,1,0,0,2,978
ახალი აშენებული,ახალი გარემონტებული,საბურთალო,225,5,3,30,1,1,1,1,973
ახალი აშენებული,ახალი გარემონტებული,საბურთალო,140,4,2,0,1,1,0,1,964
ახალი აშენებული,ახალი გარემონტებული,საბურთალო,130,3,2,0,1,1,1,1,954
ახალი აშენებული,ახალი გარემონტებული,საბურთალო,111,3,2,8,1,0,1,2,950
ახალი აშენებული,ახალი გარემონტებული,საბურთალო,70,3,1,2,1,0,1,0,929
ახალი აშენებული,ახალი გარემონტებული,საბურთალო,83,2,1,5,1,0,0,1,928
ახალი აშენებული,ახალი გარემონტებული,საბურთალო,60,3,2,0,1,1,1,1,917
ახალი აშენებული,ახალი გარემონტებული,საბურთალო,83,3,1,0,1,1,1,2,916
ახალი აშენებული,ახალი გარემონტებული,საბურთალო,68,3,1,5,0,0,0,0,900
ახალი აშენებული,ახალი გარემონტებული,საბურთალო,150,5,2,17,1,1,0,1,900
ახალი აშენებული,ახალი გარემონტებული,საბურთალო,83,3,2,4,1,0,1,1,898
ახალი აშენებული,ახალი გარემონტებული,საბურთალო,130,4,2,10,1,0,0,2,885
ახალი აშენებული,ახალი გარემონტებული,საბურთალო,110,4,1,3,1,1,1,1,882
ახალი აშენებული,ახალი გარემონტებული,საბურთალო,100,4,1,0,1,0,0,2,880
ახალი აშენებული,ახალი გარემონტებული,საბურთალო,62,3,1,2,1,0,0,2,871
ახალი აშენებული,ახალი გარემონტებული,საბურთალო,200,5,3,25,1,1,1,1,850
ახალი აშენებული,ახალი გარემონტებული,საბურთალო,132,4,2,12,1,1,0,1,840
ახალი აშენებული,ახალი გარემონტებული,საბურთალო,200,5,1,0,0,0,1,0,819
ახალი აშენებული,ახალი გარემონტებული,საბურთალო,135,5,2,0,1,1,1,2,806
ახალი აშენებული,ახალი გარემონტებული,საბურთალო,107,3,1,10,1,1,0,2,804
ახალი აშენებული,ახალი გარემონტებული,საბურთალო,55,2,1,0,1,0,0,1,800
ახალი აშენებული,ახალი გარემონტებული,საბურთალო,200,5,2,0,1,1,1,0,800
ახალი აშენებული,ახალი გარემონტებული,საბურთალო,134,4,2,0,1,0,0,2,746
ახალი აშენებული,ახალი გარემონტებული,საბურთალო,178,4,2,30,1,1,1,2,741
ახალი აშენებული,ახალი გარემონტებული,საბურთალო,62,2,1,10,1,0,1,0,694
ახალი აშენებული,ახალი გარემონტებული,საბურთალო,100,3,1,4,1,0,1,1,640
ძველი აშენებული,თეთრი კარკასი,საბურთალო,174,5,2,17,1,0,1,2,476
ახალი აშენებული,თეთრი კარკასი,საბურთალო,64,2,1,0,0,0,0,1,1322
ახალი აშენებული,თეთრი კარკასი,საბურთალო,128,3,2,8,0,1,0,1,1200
ახალი აშენებული,თეთრი კარკასი,საბურთალო,96,4,2,0,0,0,0,1,1100
ახალი აშენებული,თეთრი კარკასი,საბურთალო,132,4,2,8,0,0,0,1,1000
ახალი აშენებული,თეთრი კარკასი,საბურთალო,108,3,2,5,0,0,0,2,980
ახალი აშენებული,თეთრი კარკასი,საბურთალო,60,4,2,4,0,0,0,2,917
ახალი აშენებული,თეთრი კარკასი,საბურთალო,50,2,1,0,0,0,0,1,910
ახალი აშენებული,თეთრი კარკასი,საბურთალო,49,2,1,0,0,0,0,0,902
ახალი აშენებული,თეთრი კარკასი,საბურთალო,91,3,1,0,0,0,0,0,800
ახალი აშენებული,თეთრი კარკასი,საბურთალო,89,2,2,0,0,0,0,0,798
ახალი აშენებული,თეთრი კარკასი,საბურთალო,79,3,1,9,1,0,0,2,796
ახალი აშენებული,თეთრი კარკასი,საბურთალო,150,5,2,9,0,0,0,2,770
ახალი აშენებული,თეთრი კარკასი,საბურთალო,90,3,2,15,0,0,0,0,756
ახალი აშენებული,თეთრი კარკასი,საბურთალო,250,5,2,91,0,0,1,2,756
ახალი აშენებული,თეთრი კარკასი,საბურთალო,97,3,1,0,0,0,0,2,727
ახალი აშენებული,თეთრი კარკასი,საბურთალო,180,6,3,42,1,0,1,1,714
ახალი აშენებული,თეთრი კარკასი,საბურთალო,91,2,1,15,0,0,0,0,700
ახალი აშენებული,თეთრი კარკასი,საბურთალო,360,6,1,0,0,0,0,0,694
ახალი აშენებული,თეთრი კარკასი,საბურთალო,130,5,1,0,0,0,0,1,617
ახალი აშენებული,თეთრი კარკასი,საბურთალო,126,2,1,0,0,0,0,0,522
ახალი აშენებული,შავი კარკასი,საბურთალო,129,4,3,6,0,0,1,1,835
ახალი აშენებული,შავი კარკასი,საბურთალო,60,2,1,0,0,0,0,1,833
ახალი აშენებული,შავი კარკასი,საბურთალო,105,4,1,11,0,0,0,1,762
ახალი აშენებული,შავი კარკასი,საბურთალო,54,2,1,0,0,0,0,1,744
ახალი აშენებული,შავი კარკასი,საბურთალო,52,2,1,3,0,0,0,0,615
ძველი აშენებული,ძველი გარემონტებული,საბურთალო,105,3,1,31,1,0,1,0,1091
ძველი აშენებული,ძველი გარემონტებული,საბურთალო,42,2,1,7,0,0,0,0,1000
ძველი აშენებული,ძველი გარემონტებული,საბურთალო,76,2,2,0,1,0,0,0,955
ძველი აშენებული,ძველი გარემონტებული,საბურთალო,93,4,1,0,1,0,0,1,944
ძველი აშენებული,ძველი გარემონტებული,საბურთალო,160,4,2,8,1,0,1,1,938
ძველი აშენებული,ძველი გარემონტებული,საბურთალო,160,7,2,42,1,0,0,1,906
ძველი აშენებული,ძველი გარემონტებული,საბურთალო,100,4,2,15,1,0,1,1,900
ძველი აშენებული,ძველი გარემონტებული,საბურთალო,140,4,2,0,1,1,0,1,893
ძველი აშენებული,ძველი გარემონტებული,საბურთალო,75,3,1,0,1,0,1,0,893
ძველი აშენებული,ძველი გარემონტებული,საბურთალო,50,2,1,3,1,0,1,0,880
ძველი აშენებული,ძველი გარემონტებული,საბურთალო,33,1,1,0,1,0,1,0,876
ძველი აშენებული,ძველი გარემონტებული,საბურთალო,80,3,2,0,0,0,1,1,871
ძველი აშენებული,ძველი გარემონტებული,საბურთალო,35,1,1,4,1,0,0,0,857
ძველი აშენებული,ძველი გარემონტებული,საბურთალო,34,1,1,0,1,0,1,0,853
ძველი აშენებული,ძველი გარემონტებული,საბურთალო,80,3,1,22,0,0,1,1,850
ძველი აშენებული,ძველი გარემონტებული,საბურთალო,120,3,3,20,1,1,1,1,843
ძველი აშენებული,ძველი გარემონტებული,საბურთალო,80,3,1,5,1,1,1,1,838
ძველი აშენებული,ძველი გარემონტებული,საბურთალო,73,3,2,0,1,0,0,2,822
ძველი აშენებული,ძველი გარემონტებული,საბურთალო,110,4,1,40,1,0,0,1,815
ძველი აშენებული,ძველი გარემონტებული,საბურთალო,70,2,1,0,1,1,0,0,814
ძველი აშენებული,ძველი გარემონტებული,საბურთალო,130,5,2,0,0,0,0,1,785
ძველი აშენებული,ძველი გარემონტებული,საბურთალო,250,7,2,17,1,1,1,0,780
ძველი აშენებული,ძველი გარემონტებული,საბურთალო,250,7,2,17,1,1,1,0,780
ძველი აშენებული,ძველი გარემონტებული,საბურთალო,62,2,1,4,1,0,1,2,774
ძველი აშენებული,ძველი გარემონტებული,საბურთალო,97,3,1,0,1,1,1,0,773
ძველი აშენებული,ძველი გარემონტებული,საბურთალო,100,3,1,0,1,0,1,1,770
ძველი აშენებული,ძველი გარემონტებული,საბურთალო,60,2,1,0,1,0,0,1,763
ძველი აშენებული,ძველი გარემონტებული,საბურთალო,157,5,3,18,1,1,1,0,754
ძველი აშენებული,ძველი გარემონტებული,საბურთალო,80,3,1,0,0,0,0,0,713
ძველი აშენებული,ძველი გარემონტებული,საბურთალო,350,8,2,39,1,1,1,0,711
ძველი აშენებული,ძველი გარემონტებული,საბურთალო,52,2,1,0,1,0,0,2,673
ძველი აშენებული,ძველი გარემონტებული,საბურთალო,119,5,2,10,1,1,1,1,672
ძველი აშენებული,ძველი გარემონტებული,საბურთალო,67,2,1,0,0,0,0,0,655
ძველი აშენებული,ძველი გარემონტებული,საბურთალო,92,3,1,0,1,1,1,0,652
ძველი აშენებული,ძველი გარემონტებული,საბურთალო,187,4,2,48,1,1,1,0,642
ძველი აშენებული,ძველი გარემონტებული,საბურთალო,80,3,2,18,1,0,1,2,638
ძველი აშენებული,ძველი გარემონტებული,საბურთალო,100,3,1,0,1,1,1,2,550
ძველი აშენებული,ძველი გარემონტებული,საბურთალო,35,2,1,5,1,0,1,0,529
ძველი აშენებული,ძველი გარემონტებული,საბურთალო,130,4,2,0,0,0,0,1,523
ძველი აშენებული,ძველი გარემონტებული,საბურთალო,324,5,2,0,1,1,1,0,463
ახალი აშენებული,ძველი გარემონტებული,საბურთალო,142,5,2,40,1,1,1,1,1197
ახალი აშენებული,ძველი გარემონტებული,საბურთალო,129,4,2,4,1,1,0,2,930
ახალი აშენებული,ძველი გარემონტებული,საბურთალო,150,6,2,4,1,1,1,1,510
ძველი აშენებული,ახალი გარემონტებული,სამგორი,128,5,1,12,0,1,1,1,680
ძველი აშენებული,ახალი გარემონტებული,სამგორი,98,5,1,15,1,0,0,0,663
ძველი აშენებული,ახალი გარემონტებული,სამგორი,55,2,1,3,1,1,1,0,636
ძველი აშენებული,ახალი გარემონტებული,სამგორი,40,1,1,8,0,0,1,1,588
ახალი აშენებული,ახალი გარემონტებული,სამგორი,68,2,1,0,1,1,1,1,699
ახალი აშენებული,ახალი გარემონტებული,სამგორი,42,2,1,2,1,0,1,2,643
ახალი აშენებული,ახალი გარემონტებული,სამგორი,46,1,1,0,0,0,0,0,448
ძველი აშენებული,ძველი გარემონტებული,სამგორი,76,3,1,0,1,1,0,2,855
ძველი აშენებული,ძველი გარემონტებული,სამგორი,45,2,1,0,1,0,0,0,589
ძველი აშენებული,ძველი გარემონტებული,სამგორი,54,2,2,54,0,0,1,0,589
ძველი აშენებული,ძველი გარემონტებული,სამგორი,70,3,2,6,1,0,0,1,500
ძველი აშენებული,ძველი გარემონტებული,სამგორი,116,5,1,0,1,1,0,0,474
ძველი აშენებული,ძველი გარემონტებული,სამგორი,85,3,1,15,1,0,0,0,435
ძველი აშენებული,ძველი გარემონტებული,სამგორი,82,3,2,19,0,0,1,0,421
ძველი აშენებული,ძველი გარემონტებული,სამგორი,70,3,1,12,1,0,0,0,400
ძველი აშენებული,ძველი გარემონტებული,სამგორი,70,3,1,12,0,0,0,0,400
ძველი აშენებული,ახალი გარემონტებული,სანზონა,120,4,1,0,1,0,0,0,528
ახალი აშენებული,ახალი გარემონტებული,სანზონა,56,3,1,11,0,0,0,1,768
ახალი აშენებული,ახალი გარემონტებული,სანზონა,140,6,2,22,1,1,1,1,679
ახალი აშენებული,თეთრი კარკასი,სანზონა,60,3,1,0,0,0,1,2,617
ახალი აშენებული,თეთრი კარკასი,სანზონა,52,2,1,6,0,0,0,1,615
ახალი აშენებული,თეთრი კარკასი,სანზონა,57,2,1,4,0,0,0,1,561
ახალი აშენებული,შავი კარკასი,სანზონა,50,2,1,5,0,0,0,1,640
ძველი აშენებული,ძველი გარემონტებული,სანზონა,40,1,1,0,1,0,1,1,750
ძველი აშენებული,ძველი გარემონტებული,სანზონა,62,2,1,18,0,0,0,1,615
ძველი აშენებული,ძველი გარემონტებული,სანზონა,100,4,2,0,1,0,1,1,550
ძველი აშენებული,ძველი გარემონტებული,სანზონა,59,2,1,14,1,0,0,0,508
ძველი აშენებული,ძველი გარემონტებული,სანზონა,49,1,1,10,1,0,0,0,506
ძველი აშენებული,ახალი გარემონტებული,სოლოლაკი,93,3,1,11,1,0,1,0,1286
ძველი აშენებული,ახალი გარემონტებული,სოლოლაკი,93,3,1,11,1,0,1,0,1286
ძველი აშენებული,ახალი გარემონტებული,სოლოლაკი,100,4,1,0,1,1,0,0,1280
ძველი აშენებული,ახალი გარემონტებული,სოლოლაკი,115,6,1,8,1,0,1,0,913
ძველი აშენებული,ძველი გარემონტებული,სოლოლაკი,70,2,2,6,0,0,1,0,1257
ძველი აშენებული,ძველი გარემონტებული,სოლოლაკი,60,2,1,0,0,0,0,0,1200
ძველი აშენებული,ახალი გარემონტებული,ფონიჭალა,100,4,2,23,1,0,0,1,500
ძველი აშენებული,ახალი გარემონტებული,ფონიჭალა,60,2,1,5,1,1,1,0,477
ძველი აშენებული,ახალი გარემონტებული,ფონიჭალა,46,1,1,10,1,0,1,1,435
ახალი აშენებული,ახალი გარემონტებული,ფონიჭალა,54,3,1,0,1,1,0,0,519
ძველი აშენებული,ძველი გარემონტებული,ფონიჭალა,70,3,2,15,0,0,0,1,654
ძველი აშენებული,ახალი გარემონტებული,ჩუღურეთი,290,4,2,14,1,1,0,0,1345
ძველი აშენებული,ახალი გარემონტებული,ჩუღურეთი,63,3,1,0,0,0,0,0,1108
ძველი აშენებული,ახალი გარემონტებული,ჩუღურეთი,85,4,2,8,1,0,1,0,941
ძველი აშენებული,ახალი გარემონტებული,ჩუღურეთი,50,2,2,0,1,0,1,0,800
ძველი აშენებული,ახალი გარემონტებული,ჩუღურეთი,50,2,3,0,1,0,1,0,800
ძველი აშენებული,ახალი გარემონტებული,ჩუღურეთი,200,5,3,18,1,1,1,0,750
ძველი აშენებული,ახალი გარემონტებული,ჩუღურეთი,15,1,2,0,1,0,0,0,687
ძველი აშენებული,ახალი გარემონტებული,ჩუღურეთი,130,5,1,6,1,1,1,0,654
ახალი აშენებული,ახალი გარემონტებული,ჩუღურეთი,145,5,2,7,1,1,1,2,1103
ახალი აშენებული,ახალი გარემონტებული,ჩუღურეთი,98,6,1,2,1,1,1,1,949
ძველი აშენებული,შავი კარკასი,ჩუღურეთი,38,2,1,0,0,0,0,0,784
ძველი აშენებული,ძველი გარემონტებული,ჩუღურეთი,106,3,1,0,1,1,1,0,1226
ძველი აშენებული,ძველი გარემონტებული,ჩუღურეთი,250,9,1,9,1,0,1,0,1200
ძველი აშენებული,ძველი გარემონტებული,ჩუღურეთი,60,2,1,0,1,1,1,0,1167
ძველი აშენებული,ძველი გარემონტებული,ჩუღურეთი,55,3,1,0,1,1,1,0,1120
ძველი აშენებული,ძველი გარემონტებული,ჩუღურეთი,77,3,2,3,1,1,0,0,1091
ძველი აშენებული,ძველი გარემონტებული,ჩუღურეთი,71,3,1,0,0,0,0,0,1000
ძველი აშენებული,ძველი გარემონტებული,ჩუღურეთი,35,1,2,0,1,0,0,0,871
ძველი აშენებული,ძველი გარემონტებული,ჩუღურეთი,100,4,1,0,1,1,1,0,840
ძველი აშენებული,ძველი გარემონტებული,ჩუღურეთი,42,3,1,0,0,0,1,0,833
ძველი აშენებული,ძველი გარემონტებული,ჩუღურეთი,125,4,1,13,1,0,0,0,803
ძველი აშენებული,ძველი გარემონტებული,ჩუღურეთი,125,4,1,22,1,0,1,0,763
ძველი აშენებული,ძველი გარემონტებული,ჩუღურეთი,65,2,1,0,0,1,0,0,705
ძველი აშენებული,ძველი გარემონტებული,ჩუღურეთი,130,4,2,0,1,0,1,0,608
ძველი აშენებული,ძველი გარემონტებული,ჩუღურეთი,118,5,2,0,1,0,1,0,521
