Status,Condition,District,Area,Rooms,Bathrooms,Balcony,lastoffirst,Heating,Parking,Storeroom,Fireplace,Furniture,Lift,Conditioner,PerSq
old,oldRenov,saburtalo,350,8,2,39,1,1,1,1,1,0,0,1,711
new,white,isani,135,3,2,25,1,0,1,0,0,0,1,0,681
new,newRenov,nucubidze,200,5,3,24,1,1,1,1,1,1,0,1,740
new,newRenov,saburtalo,180,4,1,24,1,1,1,1,0,1,1,1,1379
old,oldRenov,vake,200,4,2,41,1,1,1,1,1,0,0,1,802
old,newRenov,vadzisubani,92,4,2,21,0,1,1,1,0,0,0,0,707
new,newRenov,saburtalo,90,3,2,60,1,1,0,1,0,1,1,1,1278
old,oldRenov,vake,182,5,2,50,1,1,0,1,1,0,0,0,769
new,oldRenov,saburtalo,142,5,2,40,1,1,1,0,1,1,1,1,1197
old,newRenov,saburtalo,250,10,3,38,1,1,1,1,1,0,0,1,640
new,oldRenov,vake,160,3,2,20,1,1,1,0,0,0,1,0,938
new,newRenov,vera,110,3,2,20,1,1,0,0,0,0,1,0,955
new,newRenov,saburtalo,220,5,2,20,1,1,1,1,1,0,1,1,1045
old,oldRenov,didube,119,4,2,19,1,1,1,1,0,0,1,0,754
old,newRenov,saburtalo,140,7,2,23,1,1,0,1,0,1,0,0,1000
new,newRenov,vake,155,5,2,18,1,1,1,0,0,0,1,1,1146
new,newRenov,saburtalo,118,4,2,18,1,1,1,0,0,0,1,0,1230
new,newRenov,saburtalo,135,4,2,18,1,1,1,1,0,0,1,0,1220
new,newRenov,saburtalo,150,5,2,17,1,1,0,1,0,1,1,1,900
old,oldRenov,saburtalo,250,7,2,17,1,1,1,1,1,1,0,1,780
old,oldRenov,saburtalo,250,7,2,17,1,1,1,1,1,1,0,1,780
new,newRenov,didiDigomi,80,3,2,32,1,1,0,0,0,0,1,0,638
old,newRenov,vake,100,3,2,28,1,1,1,1,0,0,1,1,850
new,newRenov,vake,71,2,1,16,1,1,1,0,0,0,1,0,1330
new,newRenov,saburtalo,178,4,2,30,1,1,1,1,0,1,1,1,741
new,newRenov,saburtalo,200,5,3,25,1,1,1,1,1,1,1,1,850
old,oldRenov,isani,115,4,1,30,1,1,1,1,0,1,1,1,449
old,oldRenov,temka,70,3,2,23,1,1,0,0,0,1,1,0,529
new,newRenov,didiDigomi,100,4,1,15,1,1,1,1,0,1,1,0,600
new,black,didiDigomi,108,4,2,15,1,0,1,0,0,0,0,0,426
new,newRenov,digmisMas,142,4,2,15,1,1,1,0,0,1,1,1,890
old,oldRenov,digmisMas,70,2,2,15,1,0,0,0,0,0,1,0,700
new,newRenov,vake,115,3,2,15,1,1,0,0,0,0,1,1,1130
new,white,vake,164,4,2,15,1,0,1,1,0,0,1,0,928
new,white,saburtalo,91,2,1,15,1,0,0,0,0,0,0,0,700
new,newRenov,vake,70,2,1,14,1,1,0,0,0,1,1,1,971
new,newRenov,saburtalo,100,3,1,14,1,1,1,1,0,1,1,0,1184
old,newRenov,varketili,110,5,2,20,1,1,1,1,0,0,1,1,409
new,oldRenov,didube,126,4,2,13,1,1,1,1,0,1,1,1,800
new,newRenov,saburtalo,131,4,3,13,1,1,0,0,0,0,1,0,1294
new,newRenov,saburtalo,145,3,2,22,1,1,1,0,0,1,1,1,1000
new,newRenov,saburtalo,115,4,2,20,1,1,0,1,0,1,1,1,1183
old,oldRenov,nucubidze,140,4,2,26,1,1,0,1,1,0,1,0,643
old,oldRenov,didiDigomi,130,4,1,12,1,1,0,1,0,1,1,1,538
old,newRenov,digmisMas,101,4,2,12,1,1,1,1,0,0,1,0,752
new,newRenov,vake,88,3,1,12,1,1,0,1,0,0,1,0,1136
new,white,vake,85,3,1,12,1,0,0,0,0,0,0,0,765
new,newRenov,vaja,125,5,2,12,1,1,0,0,0,0,1,1,1062
new,newRenov,saburtalo,72,3,1,12,1,1,0,1,0,1,1,1,1319
new,newRenov,saburtalo,112,4,2,12,1,1,0,0,0,0,1,1,1107
new,newRenov,saburtalo,140,4,3,12,1,1,0,0,0,0,1,1,1051
new,newRenov,saburtalo,132,4,2,12,1,1,0,0,0,1,1,1,840
old,newRenov,samgori,128,5,1,12,1,0,1,0,0,1,1,1,680
old,oldRenov,saburtalo,120,3,3,20,1,1,1,1,0,1,1,1,843
new,newRenov,didube,111,3,1,11,1,1,1,1,0,1,1,1,901
new,white,vadzisubani,83,3,1,11,0,0,1,0,0,0,1,0,500
new,white,vake,155,4,2,11,1,0,0,0,0,0,1,0,993
new,newRenov,ortatsala,78,3,1,11,1,1,1,0,0,1,1,1,995
new,newRenov,saburtalo,78,2,1,11,1,1,1,0,0,1,1,1,1346
old,oldRenov,saburtalo,187,4,2,48,1,1,1,1,1,0,0,1,642
old,oldRenov,saburtalo,110,4,1,40,1,1,0,1,1,0,1,0,815
old,newRenov,saburtalo,145,4,2,28,1,1,0,1,0,1,1,0,793
old,newRenov,didiDigomi,94,3,2,25,1,1,0,1,0,0,1,0,670
old,oldRenov,digmisMas,110,4,1,24,1,1,1,1,0,0,1,0,645
old,newRenov,vaja,93,3,1,24,1,1,1,1,0,0,1,0,804
old,newRenov,saburtalo,93,3,1,24,1,1,1,1,0,0,1,0,804
old,oldRenov,vaja,107,4,1,20,1,1,0,1,0,0,1,0,1000
new,newRenov,gldani,80,2,3,10,1,1,1,0,0,1,1,1,669
new,newRenov,didiDigomi,73,3,1,10,1,1,0,0,0,1,1,1,1092
new,newRenov,didiDigomi,80,3,1,10,1,1,0,1,0,1,1,1,813
new,newRenov,didiDigomi,80,3,1,10,1,0,0,0,0,0,1,0,664
new,newRenov,didiDigomi,60,2,1,10,1,1,1,0,0,0,1,0,625
new,newRenov,didube,79,3,1,10,1,1,0,1,0,1,1,1,1087
new,newRenov,didube,96,3,1,10,1,1,1,1,0,0,1,1,833
new,white,didube,100,4,2,10,1,1,1,0,0,0,1,0,599
old,oldRenov,didube,110,4,2,10,1,0,0,1,1,0,0,0,1364
new,newRenov,digmisMas,91,3,1,10,1,1,1,0,0,1,1,1,1000
new,white,vake,80,3,1,10,1,0,0,0,0,0,0,0,800
old,oldRenov,vake,132,4,2,10,1,0,0,0,0,0,1,0,783
old,newRenov,isani,77,3,1,10,1,1,1,1,0,1,0,0,405
new,white,isani,55,2,1,10,1,1,1,0,0,0,1,0,809
old,newRenov,saburtalo,90,3,1,10,1,1,1,1,0,1,1,1,780
new,newRenov,saburtalo,140,4,2,10,1,1,1,0,0,1,1,1,1214
new,newRenov,saburtalo,70,2,1,10,1,1,0,0,0,0,1,1,1141
new,newRenov,saburtalo,110,4,2,10,1,1,1,1,0,0,1,0,1136
new,newRenov,saburtalo,110,3,2,10,1,1,1,0,0,1,1,1,1136
new,newRenov,saburtalo,130,4,2,10,1,1,0,0,0,1,1,0,885
new,newRenov,saburtalo,107,3,1,10,1,1,0,0,0,0,1,1,804
new,newRenov,saburtalo,62,2,1,10,1,1,1,0,0,1,0,0,694
old,oldRenov,saburtalo,119,5,2,10,1,1,1,1,0,1,1,1,672
new,newRenov,gldani,155,5,3,9,1,1,1,1,0,0,1,1,734
new,newRenov,gldani,117,4,1,9,1,1,0,1,0,1,1,0,641
new,newRenov,didube,138,5,1,9,1,1,0,0,0,1,1,0,900
new,black,didube,98,4,3,9,1,0,1,0,0,0,1,0,561
old,oldRenov,didube,108,4,1,9,1,0,1,1,0,0,0,0,725
old,newRenov,nucubidze,94,3,2,9,1,1,1,0,0,1,1,1,851
new,newRenov,saburtalo,124,4,2,9,1,1,0,1,0,0,1,0,1218
new,newRenov,saburtalo,108,3,1,9,1,1,0,0,0,0,1,0,1000
new,white,saburtalo,79,3,1,9,1,1,0,0,0,0,1,0,796
new,white,saburtalo,150,5,2,9,1,0,0,1,0,0,1,0,770
old,oldRenov,chugureti,250,9,1,9,1,1,1,1,0,0,0,0,1200
new,white,saburtalo,180,6,3,42,1,1,1,1,0,0,1,0,714
new,newRenov,saburtalo,105,2,1,20,1,1,1,0,1,1,0,1,1048
old,oldRenov,saburtalo,80,3,2,18,1,1,1,1,0,1,1,0,638
new,newRenov,gldani,56,2,2,10,1,1,1,1,0,0,1,1,616
old,newRenov,saburtalo,120,3,1,28,1,1,1,1,1,1,0,0,1000
old,newRenov,gldani,100,3,2,20,1,1,0,0,0,1,0,1,700
old,newRenov,chugureti,200,5,3,18,1,1,1,1,1,1,0,1,750
old,newRenov,didiDigomi,62,2,1,16,1,1,0,1,0,1,1,0,742
old,newRenov,chugureti,290,4,2,14,1,1,0,1,1,1,0,1,1345
old,oldRenov,temka,80,3,1,13,1,0,1,1,0,0,1,1,463
new,newRenov,gldani,55,2,1,8,1,0,0,0,0,0,1,0,627
new,newRenov,didiDigomi,65,2,1,8,1,1,1,1,0,1,1,1,723
new,newRenov,didiDigomi,52,2,1,8,1,0,0,0,0,0,1,0,700
new,newRenov,didiDigomi,78,3,1,8,1,0,0,0,0,0,1,0,700
new,newRenov,didiDigomi,78,3,1,8,1,1,0,0,0,0,1,0,700
new,newRenov,didiDigomi,61,2,1,8,1,1,0,0,0,0,1,0,626
new,white,didiDigomi,80,3,1,8,1,0,0,0,0,0,1,0,600
new,white,didiDigomi,88,3,1,8,1,1,1,0,0,0,1,0,472
new,black,didiDigomi,51,2,1,8,1,0,0,0,0,0,1,0,490
new,black,didiDigomi,68,3,1,8,1,0,0,0,0,0,1,0,432
new,newRenov,didube,71,3,1,8,1,1,1,1,0,1,1,1,958
old,oldRenov,didube,40,1,1,8,1,1,1,0,0,1,0,1,908
new,newRenov,vadzisubani,90,4,1,8,1,1,1,1,0,1,1,0,778
new,newRenov,vake,98,3,1,8,1,1,0,0,0,0,1,0,1112
new,newRenov,vake,127,4,2,8,1,1,1,1,0,0,1,0,1068
new,newRenov,vaja,40,2,1,8,1,1,1,1,0,0,1,0,1250
new,newRenov,varketili,45,2,1,8,0,1,1,1,0,0,1,0,589
new,black,vashlijvari,53,2,1,8,1,0,0,0,0,0,1,0,521
new,newRenov,isani,41,2,1,8,1,1,1,0,0,1,1,0,1122
old,oldRenov,nucubidze,100,3,1,8,1,1,1,1,0,1,1,1,530
old,newRenov,saburtalo,110,3,2,8,1,1,0,1,0,1,1,1,1100
old,newRenov,saburtalo,120,4,1,8,1,1,1,1,0,1,1,1,833
new,newRenov,saburtalo,98,3,1,8,1,1,1,0,0,1,1,1,1276
new,newRenov,saburtalo,98,3,1,8,1,1,0,0,0,0,1,0,1112
new,newRenov,saburtalo,60,3,1,8,1,1,1,1,0,0,1,0,1083
new,newRenov,saburtalo,111,3,2,8,1,1,1,0,0,1,1,0,950
new,white,saburtalo,128,3,2,8,1,0,0,0,0,0,1,1,1200
new,white,saburtalo,132,4,2,8,1,0,0,0,0,0,1,0,1000
old,oldRenov,saburtalo,160,4,2,8,1,1,1,1,0,0,1,0,938
old,newRenov,samgori,40,1,1,8,1,0,1,0,0,0,1,0,588
old,white,saburtalo,174,5,2,17,1,1,1,1,0,0,1,0,476
old,oldRenov,varketili,73,2,3,28,1,0,0,1,0,1,1,0,523
new,newRenov,digmisMas,120,4,3,14,1,1,1,1,0,0,1,0,958
old,newRenov,vake,130,4,2,47,1,1,0,0,0,0,1,0,1115
old,oldRenov,saburtalo,80,3,1,22,1,0,1,1,0,1,1,0,850
old,oldRenov,samgori,82,3,2,19,1,0,1,1,0,0,0,0,421
old,oldRenov,saburtalo,157,5,3,18,1,1,1,1,0,1,0,1,754
old,oldRenov,temka,60,2,1,17,1,1,0,0,0,0,1,1,517
old,oldRenov,saburtalo,100,4,2,15,0,1,1,1,0,1,1,0,900
old,oldRenov,varketili,72,3,1,13,1,1,1,1,0,0,1,1,556
old,newRenov,gldani,42,3,1,7,0,0,1,0,0,1,0,1,810
new,newRenov,didiDigomi,60,2,1,7,1,1,1,1,0,1,1,0,783
new,newRenov,didiDigomi,52,2,1,7,1,1,0,0,0,0,1,0,721
new,newRenov,didiDigomi,54,3,1,7,1,1,0,0,0,0,0,0,672
new,newRenov,didiDigomi,60,2,1,7,1,0,0,0,0,0,1,0,637
new,white,didiDigomi,60,3,1,7,1,0,0,0,0,0,1,0,667
new,white,didiDigomi,54,2,1,7,1,1,0,0,0,0,1,0,602
new,white,didiDigomi,53,2,1,7,1,0,0,0,0,0,0,0,600
old,oldRenov,didiDigomi,100,3,1,7,1,1,1,1,0,0,0,0,410
new,newRenov,didube,131,4,2,7,1,1,1,0,0,1,1,1,858
new,white,digmisMas,40,2,1,7,1,0,0,0,0,0,0,0,800
new,newRenov,vake,75,3,1,7,1,1,0,1,0,1,1,1,1107
new,newRenov,vake,67,3,1,7,1,1,0,1,0,0,1,1,1075
new,newRenov,vake,68,2,1,7,1,1,0,0,0,0,1,1,950
old,oldRenov,vake,102,4,1,7,1,1,0,0,0,0,1,0,1049
new,newRenov,varketili,84,3,1,7,0,1,1,0,0,0,0,0,805
new,newRenov,varketili,70,3,1,7,1,0,1,0,0,0,1,0,786
old,oldRenov,varketili,52,2,1,7,1,0,1,1,0,0,0,0,481
new,newRenov,vashlijvari,42,1,1,7,1,1,1,1,0,1,1,1,881
old,oldRenov,nucubidze,87,3,1,7,1,0,0,1,0,0,1,1,690
new,newRenov,saburtalo,50,2,1,7,1,1,0,0,0,1,0,1,1284
new,newRenov,saburtalo,67,3,1,7,1,1,0,0,0,1,1,1,1075
new,newRenov,saburtalo,80,3,1,7,1,1,1,0,0,0,1,0,1000
new,newRenov,chugureti,145,5,2,7,1,1,1,1,0,1,1,1,1103
new,white,saburtalo,250,5,2,91,1,0,1,1,0,0,1,0,756
new,white,vera,245,5,2,56,1,1,1,1,0,0,1,0,1057
new,newRenov,saburtalo,240,5,3,26,1,1,1,1,1,1,1,1,1125
old,oldRenov,saburtalo,105,3,1,31,0,1,1,1,0,0,0,0,1091
new,newRenov,didiDigomi,88,3,2,18,1,1,1,1,0,1,1,0,739
old,oldRenov,varketili,50,1,1,15,1,1,0,1,0,1,1,0,540
old,newRenov,saburtalo,55,2,1,10,1,1,1,1,0,1,1,1,964
old,newRenov,gldani,86,1,1,6,0,1,1,1,0,0,0,0,442
new,newRenov,gldani,56,2,1,6,1,1,1,1,0,1,1,1,802
old,oldRenov,gldani,120,4,2,6,1,1,1,1,0,1,1,0,458
new,newRenov,didiDigomi,90,4,1,6,1,1,1,0,0,0,0,1,800
new,newRenov,didiDigomi,43,2,1,6,1,1,1,0,0,1,1,0,786
new,newRenov,didiDigomi,68,3,1,6,1,1,0,1,0,1,1,1,779
new,newRenov,didiDigomi,49,2,1,6,1,1,1,0,0,1,1,0,765
new,newRenov,didiDigomi,81,3,1,6,1,1,1,1,0,1,0,0,728
new,newRenov,didiDigomi,73,3,1,6,1,1,0,1,0,1,1,0,712
new,newRenov,didiDigomi,48,2,2,6,1,1,1,0,0,0,1,0,700
new,newRenov,didiDigomi,48,2,2,6,1,0,1,0,0,0,1,0,700
new,newRenov,didiDigomi,59,3,1,6,1,0,0,0,0,0,1,0,653
new,newRenov,didiDigomi,56,3,1,6,1,1,1,0,0,0,1,0,616
new,newRenov,didiDigomi,78,3,1,6,1,0,0,0,0,0,1,0,590
new,newRenov,didiDigomi,72,3,3,6,1,1,1,1,0,1,0,1,542
old,newRenov,didube,68,2,1,6,1,1,1,0,0,0,0,0,779
old,oldRenov,didube,58,2,1,6,1,1,0,1,0,1,1,0,855
old,newRenov,digmisMas,111,5,1,6,1,1,1,0,0,1,1,0,721
old,newRenov,vadzisubani,84,3,2,6,1,1,1,1,0,0,1,0,532
new,newRenov,vake,91,2,1,6,1,1,0,1,0,0,1,1,1319
new,newRenov,vake,100,3,1,6,1,1,1,1,0,1,1,1,1290
new,newRenov,varketili,78,4,1,6,1,1,0,0,0,1,1,0,731
new,newRenov,varketili,49,2,1,6,1,1,1,0,0,1,1,0,714
new,black,vashlijvari,71,3,1,6,1,1,1,0,0,0,1,0,545
new,newRenov,isani,72,3,2,6,1,1,0,0,0,1,1,0,833
new,newRenov,isani,54,2,1,6,1,1,1,0,0,1,1,0,796
old,newRenov,nadzaladevi,82,3,1,6,1,1,0,0,1,1,1,0,666
old,oldRenov,nadzaladevi,36,1,1,6,1,1,0,0,0,0,1,0,792
new,newRenov,ortatsala,52,2,1,6,0,0,0,1,0,0,1,0,904
new,newRenov,saburtalo,53,3,1,6,1,1,0,1,0,0,1,1,1189
new,newRenov,saburtalo,53,3,1,6,1,1,0,0,0,1,1,1,1170
new,newRenov,saburtalo,52,2,1,6,1,1,1,0,0,1,1,1,1154
new,newRenov,saburtalo,55,3,2,6,1,1,0,0,0,0,0,0,1091
new,newRenov,saburtalo,60,2,1,6,1,1,0,1,0,1,1,0,1067
new,newRenov,saburtalo,64,2,1,6,1,1,0,0,0,1,1,1,1063
new,newRenov,saburtalo,73,3,1,6,1,0,0,0,0,0,1,1,1055
new,black,saburtalo,129,4,3,6,1,0,1,0,0,0,1,0,835
old,newRenov,chugureti,130,5,1,6,1,1,1,1,0,1,0,1,654
new,newRenov,vake,135,4,1,17,1,1,1,1,1,1,1,0,1148
new,newRenov,didiDigomi,120,3,1,10,1,1,1,1,1,0,1,0,750
new,white,digmisMas,49,2,2,10,1,1,0,0,0,0,1,0,751
new,white,digmisMas,69,3,2,10,1,1,0,0,0,0,1,0,700
new,black,digmisMas,43,2,2,10,1,1,0,0,0,0,1,0,751
old,black,vaja,74,3,1,32,1,0,0,0,0,0,0,0,500
old,oldRenov,nucubidze,115,4,2,25,1,1,0,1,0,1,1,1,539
old,oldRenov,isani,120,5,1,17,1,1,1,1,0,0,1,0,586
old,oldRenov,vake,93,3,1,15,1,1,1,1,0,0,1,1,720
old,oldRenov,varketili,71,3,1,15,1,0,1,0,0,1,1,0,563
old,oldRenov,samgori,85,3,1,15,1,1,0,1,0,1,0,0,435
new,newRenov,digmisMas,100,3,1,12,1,1,1,1,0,0,1,1,867
new,newRenov,gldani,45,2,1,5,1,1,0,0,0,0,1,0,778
new,newRenov,gldani,46,2,1,5,1,0,0,0,0,0,1,0,739
new,newRenov,didiDigomi,61,3,1,5,1,1,0,0,0,1,1,0,820
new,newRenov,didiDigomi,52,2,1,5,1,0,0,0,0,0,1,0,769
new,newRenov,didiDigomi,75,3,1,5,1,1,1,1,0,0,1,0,692
new,newRenov,didiDigomi,50,2,1,5,1,0,0,0,0,0,0,0,680
new,newRenov,didiDigomi,51,2,1,5,1,1,1,0,0,0,1,1,671
new,newRenov,didiDigomi,56,2,1,5,1,0,0,0,0,0,1,0,661
new,newRenov,didiDigomi,79,3,1,5,1,1,1,0,0,0,1,0,589
new,black,didiDigomi,72,3,2,5,1,0,0,0,0,0,1,0,414
new,newRenov,didube,51,2,1,5,1,1,1,0,0,1,1,1,1273
new,newRenov,didube,58,2,1,5,1,1,0,0,0,1,1,1,940
new,newRenov,didube,75,3,1,5,1,1,0,1,0,1,1,1,900
old,oldRenov,didube,50,3,2,5,1,0,0,0,0,0,1,0,800
old,oldRenov,didube,75,3,1,5,1,1,1,0,0,0,1,1,703
new,newRenov,digmisMas,78,3,1,5,1,1,1,0,0,1,1,0,1032
new,newRenov,digmisMas,60,3,1,5,1,1,0,1,0,1,0,1,817
new,newRenov,digmisMas,72,3,1,5,1,1,1,0,0,1,1,0,722
new,newRenov,digmisMas,72,3,1,5,1,1,1,0,0,1,1,0,694
old,oldRenov,digmisMas,89,3,1,5,1,1,1,1,0,0,0,0,545
new,newRenov,vadzisubani,72,3,1,5,1,1,1,0,0,0,1,0,742
old,newRenov,vake,110,3,2,5,1,0,0,0,0,0,0,1,1042
old,newRenov,vake,195,3,2,5,1,1,1,1,1,0,0,1,1000
new,newRenov,vake,125,3,1,5,1,1,0,0,0,1,1,1,1300
new,newRenov,vake,106,4,1,5,1,1,0,0,1,1,1,1,1037
new,newRenov,vake,92,3,1,5,0,1,0,0,0,1,1,0,826
new,white,vake,197,5,1,5,1,0,0,0,0,0,1,0,660
old,newRenov,vaja,90,2,1,5,1,1,1,0,0,1,1,1,1119
old,newRenov,varketili,86,3,3,5,1,0,0,1,0,0,1,0,529
new,newRenov,varketili,50,2,1,5,1,1,1,1,0,0,1,0,700
new,newRenov,varketili,66,3,1,5,1,1,0,0,0,0,1,0,689
new,white,ortatsala,52,2,2,5,1,0,0,0,0,0,1,0,769
old,newRenov,saburtalo,100,3,1,5,1,1,1,1,0,1,1,1,780
new,newRenov,saburtalo,65,2,1,5,1,1,0,0,0,0,1,0,1385
new,newRenov,saburtalo,59,2,1,5,1,1,0,1,0,1,1,1,1305
new,newRenov,saburtalo,46,2,1,5,1,1,0,0,0,1,1,1,1196
new,newRenov,saburtalo,120,4,2,5,1,1,1,1,0,1,1,1,1125
new,newRenov,saburtalo,108,3,1,5,1,1,0,0,0,0,1,0,990
new,newRenov,saburtalo,83,2,1,5,1,1,0,1,0,0,1,0,928
new,newRenov,saburtalo,68,3,1,5,1,0,0,0,0,0,0,0,900
new,white,saburtalo,108,3,2,5,1,0,0,0,0,0,1,0,980
old,oldRenov,saburtalo,80,3,1,5,1,1,1,1,0,1,1,1,838
old,oldRenov,saburtalo,35,2,1,5,0,1,1,1,0,0,0,0,529
old,oldRenov,didiDigomi,130,4,1,134,1,0,0,1,0,0,1,0,481
new,newRenov,vake,155,3,2,44,1,1,0,1,0,1,1,0,742
old,oldRenov,vake,160,6,3,54,1,1,0,1,0,0,1,1,869
old,oldRenov,saburtalo,160,7,2,42,1,1,0,1,0,1,1,0,906
old,oldRenov,varketili,62,3,2,23,1,1,0,1,0,1,1,0,468
old,oldRenov,digmisMas,93,4,1,21,1,1,1,1,0,0,1,0,602
new,newRenov,digmisMas,145,4,2,8,1,1,1,1,0,1,1,1,1034
old,newRenov,chugureti,85,4,2,8,1,1,1,1,0,1,0,0,941
new,newRenov,didiDigomi,78,3,1,24,1,0,0,0,0,0,1,0,590
old,oldRenov,didube,108,3,3,24,1,0,0,1,0,0,1,0,556
old,newRenov,nadzaladevi,85,3,1,19,1,1,1,1,0,1,1,1,647
old,oldRenov,didiDigomi,74,2,2,14,1,1,0,1,0,1,1,0,622
old,newRenov,isani,77,3,1,12,1,1,1,1,0,1,0,0,623
old,newRenov,saburtalo,105,4,2,10,1,1,1,1,0,1,1,1,1010
old,newRenov,isani,67,3,2,8,1,1,0,1,0,1,1,1,522
old,oldRenov,isani,67,3,2,8,1,1,1,1,0,1,1,1,522
new,newRenov,gldani,56,3,2,4,1,1,0,0,0,1,1,1,768
new,newRenov,gldani,64,3,1,4,1,0,0,0,0,0,1,0,719
new,newRenov,gldani,56,2,1,4,1,0,0,0,0,0,1,0,621
new,white,gldani,45,2,1,4,1,0,0,0,0,0,1,0,667
old,oldRenov,gldani,62,2,1,4,1,1,0,1,0,1,1,0,565
new,newRenov,didiDigomi,46,2,1,4,1,1,0,0,0,0,1,0,1200
new,newRenov,didiDigomi,61,3,1,4,1,1,1,1,1,0,1,0,902
new,newRenov,didiDigomi,73,3,1,4,1,1,1,1,0,1,1,1,822
new,newRenov,didiDigomi,44,2,1,4,1,1,1,0,0,1,1,0,795
new,newRenov,didiDigomi,37,2,1,4,1,0,0,0,0,0,1,0,757
new,newRenov,didiDigomi,58,3,1,4,1,1,1,1,0,0,1,0,724
new,newRenov,didiDigomi,53,3,1,4,1,1,0,0,0,0,1,0,717
new,newRenov,didiDigomi,48,2,1,4,1,1,1,0,0,0,1,0,698
new,newRenov,didiDigomi,61,3,1,4,1,0,1,0,0,0,0,0,689
new,newRenov,didiDigomi,78,3,1,4,1,0,0,0,0,0,1,0,577
new,white,didiDigomi,54,3,1,4,1,0,0,0,0,0,1,0,620
new,black,didiDigomi,58,2,1,4,1,0,0,0,0,0,0,0,517
old,oldRenov,didiDigomi,85,2,1,4,1,1,0,1,0,1,1,0,529
new,newRenov,didube,44,2,1,4,1,1,1,0,0,1,1,1,866
new,white,didube,68,3,1,4,1,1,0,1,0,0,1,0,822
new,newRenov,digmisMas,73,3,1,4,1,1,0,0,0,0,1,1,863
new,newRenov,digmisMas,73,3,1,4,1,1,1,0,0,0,1,1,863
new,newRenov,varketili,42,2,1,4,1,1,1,0,0,1,1,1,881
new,newRenov,varketili,45,2,2,4,1,1,1,0,0,1,1,0,798
new,white,varketili,49,3,1,4,1,0,0,0,0,0,0,0,561
new,white,varketili,58,3,1,4,1,0,0,0,0,0,1,0,469
old,newRenov,temka,58,2,1,4,1,0,0,0,0,0,1,0,621
new,newRenov,temka,62,3,1,4,1,1,1,0,0,1,1,0,806
new,newRenov,temka,69,3,1,4,1,0,0,0,0,0,1,0,681
old,newRenov,isani,35,1,1,4,1,1,1,0,0,0,1,0,523
old,newRenov,nadzaladevi,110,5,1,4,1,1,1,1,0,1,1,0,818
new,newRenov,nadzaladevi,49,2,1,4,1,1,1,0,0,1,1,0,1016
old,oldRenov,nucubidze,100,3,2,4,1,1,0,1,0,0,1,0,588
old,oldRenov,ortatsala,34,1,1,4,1,1,1,1,0,1,0,0,647
old,newRenov,saburtalo,120,3,2,4,1,1,1,1,0,1,1,1,833
new,newRenov,saburtalo,80,3,1,4,1,1,0,0,0,1,1,1,1438
new,newRenov,saburtalo,50,3,1,4,1,1,0,0,0,1,1,0,1340
new,newRenov,saburtalo,93,4,1,4,0,1,1,0,0,0,1,0,1072
new,newRenov,saburtalo,60,2,1,4,1,0,0,0,0,0,0,0,1032
new,newRenov,saburtalo,58,3,1,4,1,1,0,0,0,0,1,0,1007
new,newRenov,saburtalo,43,2,1,4,1,1,1,0,0,1,1,0,1000
new,newRenov,saburtalo,61,2,1,4,1,1,0,1,0,0,1,0,982
new,newRenov,saburtalo,83,3,2,4,0,1,1,1,0,0,1,0,898
new,newRenov,saburtalo,100,3,1,4,0,1,1,0,0,0,1,0,640
new,white,saburtalo,60,4,2,4,1,0,0,0,0,0,1,0,917
old,oldRenov,saburtalo,35,1,1,4,1,1,0,0,0,0,0,0,857
old,oldRenov,saburtalo,62,2,1,4,1,1,1,1,0,1,1,0,774
new,oldRenov,saburtalo,129,4,2,4,1,1,0,0,0,0,1,1,930
new,oldRenov,saburtalo,150,6,2,4,0,1,1,1,0,1,1,1,510
new,black,saburtalo,105,4,1,11,1,0,0,0,0,0,1,0,762
old,newRenov,didube,150,4,1,8,1,1,1,0,0,1,0,1,633
old,oldRenov,gldani,90,3,2,18,1,1,1,1,0,1,1,0,506
old,oldRenov,gldani,75,3,1,18,1,1,0,1,0,0,1,0,427
old,newRenov,digmisMas,97,4,2,18,1,1,1,0,1,0,1,1,803
old,newRenov,gldani,75,3,3,15,1,1,1,1,0,1,1,0,591
old,newRenov,gldani,77,2,1,15,1,1,1,0,0,1,1,0,586
old,oldRenov,gldani,78,3,2,15,1,1,1,0,0,0,0,0,487
old,oldRenov,didiDigomi,115,3,3,15,1,1,1,1,0,1,1,1,548
old,oldRenov,varketili,90,4,1,13,1,1,0,1,0,1,0,0,424
old,newRenov,saburtalo,58,2,1,13,1,0,0,0,0,0,1,0,1000
old,oldRenov,chugureti,125,4,1,13,1,1,0,0,0,0,0,0,803
new,newRenov,varketili,65,2,1,11,0,0,0,0,0,1,0,0,538
old,newRenov,gldani,57,1,1,9,1,0,1,0,0,1,1,0,526
old,oldRenov,varketili,50,2,2,7,1,1,0,0,0,0,1,0,440
old,oldRenov,saburtalo,42,2,1,7,1,0,0,0,0,0,0,0,1000
old,oldRenov,vake,55,2,1,6,0,1,1,1,0,0,1,0,818
old,newRenov,gldani,80,3,1,3,1,1,1,0,0,1,1,1,625
new,newRenov,gldani,68,3,1,3,1,1,1,0,0,1,1,1,674
new,newRenov,gldani,56,2,2,3,1,1,1,1,0,0,1,1,607
new,black,gldani,64,3,1,3,1,0,0,0,0,0,0,0,430
new,black,gldani,70,3,1,3,1,0,0,0,0,0,0,0,421
old,newRenov,didiDigomi,80,3,0,3,1,1,0,1,0,0,1,0,550
old,newRenov,didiDigomi,80,3,1,3,1,1,0,0,0,0,1,0,550
new,newRenov,didiDigomi,46,2,1,3,1,1,0,0,0,0,1,0,1150
new,newRenov,didiDigomi,47,2,1,3,1,1,0,0,0,1,1,0,830
new,newRenov,didiDigomi,46,2,1,3,1,0,0,0,0,0,1,0,761
new,newRenov,didiDigomi,46,3,2,3,1,1,1,0,0,1,1,0,761
new,newRenov,didiDigomi,62,3,1,3,1,1,1,0,0,1,1,1,758
new,newRenov,didiDigomi,49,2,1,3,0,1,0,0,0,1,0,1,755
new,newRenov,didiDigomi,66,3,1,3,1,1,0,0,0,0,1,0,694
new,newRenov,didiDigomi,57,3,1,3,1,1,1,0,0,0,1,0,682
new,newRenov,didiDigomi,64,3,1,3,1,1,1,0,0,1,1,0,680
new,newRenov,didiDigomi,63,3,1,3,1,1,1,0,0,0,1,0,675
new,newRenov,didiDigomi,50,2,1,3,1,1,0,0,0,0,1,0,672
new,newRenov,didiDigomi,55,2,1,3,1,1,1,0,0,0,1,0,655
new,newRenov,didiDigomi,60,3,1,3,1,1,0,0,0,0,1,0,655
new,white,didiDigomi,56,2,1,3,1,1,0,0,0,0,1,0,563
new,black,didiDigomi,48,2,1,3,1,0,0,0,0,0,0,0,500
new,oldRenov,didiDigomi,48,2,1,3,1,1,1,1,0,1,1,1,625
old,newRenov,didube,50,2,1,3,1,1,0,1,0,1,0,1,1000
new,newRenov,didube,60,2,1,3,1,1,0,0,0,1,1,1,917
old,oldRenov,didube,76,3,2,3,1,1,0,1,0,0,0,0,724
old,newRenov,digmisMas,51,1,1,3,1,1,0,1,0,0,1,0,1078
new,oldRenov,digmisMas,100,4,1,3,1,1,1,0,0,0,0,0,570
new,newRenov,vadzisubani,38,2,1,3,1,1,0,1,0,0,0,1,855
new,newRenov,vake,150,5,2,3,1,1,0,1,0,1,1,1,833
old,newRenov,vaja,53,2,1,3,1,1,0,1,0,1,1,1,1226
old,newRenov,vaja,32,1,1,3,1,0,0,0,0,1,0,1,1125
new,newRenov,varketili,62,3,1,3,1,1,1,1,0,1,1,0,726
new,newRenov,varketili,54,3,1,3,1,1,0,0,0,0,1,0,694
new,newRenov,varketili,74,4,2,3,1,1,1,0,0,0,1,0,670
old,oldRenov,vashlijvari,60,2,1,3,1,0,0,0,0,0,1,0,550
old,oldRenov,temka,35,2,1,3,1,1,1,1,0,1,1,0,566
old,newRenov,isani,80,3,1,3,1,1,0,0,0,1,1,1,663
new,newRenov,isani,105,3,1,3,1,1,1,1,0,1,1,1,638
new,black,isani,85,3,1,3,1,0,0,0,0,0,1,0,700
old,oldRenov,isani,76,3,2,3,1,1,1,0,0,0,1,0,638
old,newRenov,nadzaladevi,84,4,2,3,1,1,1,1,0,1,1,1,738
new,white,nadzaladevi,54,2,1,3,1,1,0,0,0,0,1,0,620
old,newRenov,saburtalo,37,2,1,3,1,1,0,0,0,1,1,0,1124
old,newRenov,saburtalo,37,2,1,3,1,1,0,0,0,1,1,0,1124
old,newRenov,saburtalo,38,2,1,3,1,1,1,1,0,0,1,0,1000
old,newRenov,saburtalo,60,3,1,3,1,1,1,0,0,1,0,1,935
old,newRenov,saburtalo,60,2,2,3,1,1,0,1,0,1,0,1,827
new,newRenov,saburtalo,60,3,1,3,1,1,0,0,0,1,1,1,1450
new,newRenov,saburtalo,80,3,1,3,1,1,0,1,0,0,1,0,1199
new,newRenov,saburtalo,48,2,1,3,1,1,0,1,0,1,1,0,1167
new,newRenov,saburtalo,44,2,1,3,1,1,1,0,0,0,0,0,1111
new,newRenov,saburtalo,45,2,1,3,1,1,1,1,0,1,1,0,1109
new,newRenov,saburtalo,57,3,1,3,1,1,0,1,0,1,1,0,1086
new,newRenov,saburtalo,56,2,1,3,1,1,0,1,0,1,1,0,1034
new,newRenov,saburtalo,68,3,1,3,1,1,0,0,0,1,1,1,1029
new,newRenov,saburtalo,46,2,1,3,1,1,0,1,0,0,1,0,978
new,newRenov,saburtalo,110,4,1,3,1,1,1,1,1,1,1,1,882
new,black,saburtalo,52,2,1,3,1,0,0,0,0,0,0,0,615
old,oldRenov,saburtalo,50,2,1,3,1,1,1,0,0,1,0,0,880
old,newRenov,samgori,55,2,1,3,1,1,1,1,0,0,0,1,636
old,oldRenov,chugureti,77,3,2,3,1,1,0,0,1,0,0,1,1091
old,newRenov,didube,105,5,1,31,1,1,1,1,0,0,0,1,619
old,oldRenov,chugureti,125,4,1,22,1,1,1,0,0,0,0,0,763
old,oldRenov,didube,63,2,1,14,1,1,1,0,0,0,1,0,794
old,oldRenov,vadzisubani,80,4,2,12,1,1,1,0,0,0,1,0,563
old,oldRenov,vadzisubani,80,4,2,12,1,1,1,0,0,0,1,0,563
new,black,digmisMas,60,2,1,11,1,0,1,0,0,0,1,0,600
old,oldRenov,gldani,75,3,2,6,1,1,0,1,0,0,0,0,500
new,newRenov,saburtalo,88,3,2,4,1,1,0,1,0,1,0,1,1250
new,newRenov,gldani,48,3,1,2,1,1,0,0,0,0,1,0,771
new,newRenov,didiDigomi,56,3,1,2,1,1,1,0,0,1,0,1,786
new,newRenov,didiDigomi,49,2,1,2,1,1,0,0,0,0,1,0,682
new,newRenov,didiDigomi,54,1,1,2,0,1,1,0,0,0,0,0,559
new,black,didiDigomi,48,2,1,2,1,0,1,0,0,0,1,0,542
new,newRenov,didube,50,2,1,2,1,1,1,0,0,1,1,0,986
old,oldRenov,didube,60,3,2,2,1,1,0,0,0,1,1,0,717
old,newRenov,digmisMas,63,3,1,2,1,1,1,1,0,0,0,0,683
new,white,digmisMas,36,2,1,2,1,0,0,0,0,0,1,0,944
new,oldRenov,digmisMas,50,2,3,2,1,1,0,0,0,0,1,0,700
old,newRenov,vake,60,2,1,2,1,1,0,0,0,1,1,0,1463
old,oldRenov,vake,91,5,2,2,1,1,0,0,0,1,1,0,901
new,newRenov,varketili,42,2,1,2,1,0,1,0,0,0,1,0,621
new,black,vashlijvari,48,2,1,2,1,1,1,0,0,0,1,0,546
new,white,vera,80,3,1,2,1,0,0,0,0,0,1,0,1313
old,oldRenov,isani,54,2,2,2,1,1,0,1,0,1,0,0,583
new,newRenov,saburtalo,41,2,1,2,1,1,0,0,0,1,1,1,1146
new,newRenov,saburtalo,70,3,1,2,1,1,1,0,0,1,0,0,929
new,newRenov,saburtalo,62,3,1,2,1,1,0,0,0,0,1,0,871
new,newRenov,samgori,42,2,1,2,1,1,1,1,0,1,1,0,643
new,newRenov,chugureti,98,6,1,2,1,1,1,0,0,0,1,1,949
old,oldRenov,didube,39,2,1,1,1,1,0,1,0,1,0,0,923
new,newRenov,vaja,74,3,1,1,1,1,0,0,0,1,1,1,1073
old,newRenov,temka,72,4,1,1,0,0,0,0,0,0,0,1,576
new,black,isani,140,4,2,1,1,0,0,0,0,0,1,0,650
old,newRenov,saburtalo,42,2,1,1,0,1,0,0,0,1,0,1,1476
new,newRenov,vake,153,3,2,40,1,1,0,0,0,0,1,0,1176
new,newRenov,saburtalo,225,5,3,30,1,1,1,1,0,0,1,1,973
new,newRenov,vake,109,3,1,27,1,1,0,1,0,0,1,0,1337
old,newRenov,digmisMas,64,2,1,20,1,1,0,0,0,1,0,1,597
new,newRenov,digmisMas,64,2,1,20,1,1,0,0,0,1,0,1,597
old,newRenov,saburtalo,58,1,1,20,1,1,0,0,1,1,1,0,776
new,newRenov,saburtalo,108,3,2,18,1,1,0,0,0,0,1,0,1065
new,newRenov,saburtalo,108,3,2,18,1,1,0,0,0,0,1,0,1025
old,oldRenov,temka,70,3,2,30,1,1,0,0,0,0,1,0,500
new,newRenov,didiDigomi,61,2,1,15,1,1,1,1,0,0,1,1,803
old,newRenov,vera,95,4,1,15,1,1,1,0,0,1,1,1,958
new,white,saburtalo,90,3,2,15,1,0,0,0,0,0,0,0,756
old,oldRenov,nadzaladevi,50,3,1,7,0,1,1,1,0,1,0,0,560
new,newRenov,ortatsala,133,4,2,6,1,1,1,1,0,1,1,0,865
old,newRenov,varketili,60,2,1,60,0,1,0,1,0,1,1,0,533
old,oldRenov,samgori,54,2,2,54,1,0,1,1,0,0,0,0,589
old,newRenov,gldani,105,4,1,30,1,1,1,1,0,1,1,0,400
old,oldRenov,varketili,37,1,1,25,1,1,0,1,0,0,1,1,676
old,oldRenov,mtatsminda,118,4,1,20,1,1,1,1,1,1,0,0,1000
old,newRenov,digmisMas,75,3,1,17,1,1,1,0,0,0,0,0,789
old,oldRenov,varketili,87,3,1,16,0,1,1,1,0,0,0,0,402
old,oldRenov,gldani,47,2,1,15,1,1,0,1,0,1,1,0,670
old,oldRenov,varketili,65,2,1,15,1,1,1,0,0,0,1,0,575
old,newRenov,samgori,98,5,1,15,0,1,0,1,0,0,0,0,663
old,oldRenov,gldani,85,3,2,14,1,1,1,1,0,1,1,0,465
old,oldRenov,varketili,70,2,1,12,1,1,1,1,0,0,1,0,529
old,oldRenov,samgori,70,3,1,12,1,1,0,0,0,0,0,0,400
old,oldRenov,samgori,70,3,1,12,1,0,0,0,0,0,0,0,400
old,oldRenov,gldani,60,2,1,10,1,0,0,0,0,0,0,0,550
old,oldRenov,gldani,76,3,2,10,1,1,1,1,0,0,1,0,470
old,oldRenov,digmisMas,75,3,1,10,1,1,0,0,0,0,0,0,613
old,oldRenov,varketili,102,3,2,10,1,1,1,1,0,0,1,0,539
old,oldRenov,vera,84,3,1,10,0,0,1,0,0,0,0,0,655
old,newRenov,temka,68,2,1,10,0,1,1,1,0,0,0,1,584
old,oldRenov,nucubidze,120,4,2,10,1,0,0,1,0,0,0,0,475
old,newRenov,saburtalo,74,3,1,10,1,0,0,0,0,0,0,0,811
old,newRenov,varketili,60,3,1,9,1,1,0,0,0,0,0,1,650
old,oldRenov,vashlijvari,80,3,1,9,1,0,0,1,0,0,1,0,500
old,oldRenov,isani,62,3,1,9,1,1,0,1,0,1,1,1,726
old,newRenov,didiDigomi,85,4,1,8,0,1,0,1,0,0,1,0,800
old,oldRenov,gldani,50,1,1,7,1,1,0,0,0,0,1,0,460
old,newRenov,varketili,66,3,1,7,1,1,0,1,0,0,1,0,579
old,oldRenov,samgori,70,3,2,6,1,1,0,1,0,1,1,0,500
old,newRenov,gldani,17,1,2,0,1,1,0,0,0,0,0,0,712
old,newRenov,gldani,63,3,2,0,1,1,1,0,0,0,1,1,697
old,newRenov,gldani,45,1,2,0,0,0,0,0,0,0,1,0,611
old,newRenov,gldani,90,3,3,0,1,1,1,1,0,1,1,0,511
new,newRenov,gldani,45,2,2,0,1,1,1,0,0,1,1,1,882
new,newRenov,gldani,80,3,1,0,1,1,0,0,0,1,0,0,750
new,newRenov,gldani,48,2,1,0,1,1,1,0,0,0,1,0,750
new,newRenov,gldani,72,3,1,0,1,1,0,0,0,0,1,0,681
new,white,gldani,52,2,1,0,1,0,1,0,0,0,1,0,494
old,oldRenov,gldani,67,3,1,0,0,1,1,1,0,0,1,0,667
old,oldRenov,gldani,38,2,2,0,1,1,1,1,0,0,0,0,566
old,oldRenov,gldani,67,2,2,0,1,1,0,1,0,1,1,0,552
old,oldRenov,gldani,104,4,2,0,1,1,0,1,0,1,1,0,500
old,oldRenov,gldani,80,3,1,0,1,1,1,1,0,0,1,0,475
old,oldRenov,gldani,120,4,1,0,1,1,1,1,0,0,1,0,452
old,oldRenov,gldani,85,3,1,0,0,0,1,0,0,0,1,0,441
old,newRenov,didiDigomi,66,3,1,0,1,1,1,1,0,0,1,0,583
old,newRenov,didiDigomi,85,3,1,0,1,0,0,0,0,0,1,0,498
new,newRenov,didiDigomi,58,3,1,0,1,1,0,0,0,1,1,0,914
new,newRenov,didiDigomi,70,3,1,0,1,1,1,0,0,1,1,0,884
new,newRenov,didiDigomi,43,3,1,0,0,1,0,0,0,1,0,0,853
new,newRenov,didiDigomi,21,1,1,0,1,1,1,0,0,0,0,1,833
new,newRenov,didiDigomi,71,3,1,0,1,0,0,0,0,0,1,0,803
new,newRenov,didiDigomi,21,1,1,0,0,1,1,0,0,1,0,1,800
new,newRenov,didiDigomi,42,2,1,0,1,1,0,0,0,0,1,0,786
new,newRenov,didiDigomi,48,3,1,0,1,1,0,0,0,1,1,1,771
new,newRenov,didiDigomi,37,1,1,0,1,1,1,0,0,1,1,0,770
new,newRenov,didiDigomi,37,2,1,0,1,1,1,1,0,0,1,0,770
new,newRenov,didiDigomi,36,2,1,0,0,0,0,0,0,0,1,0,744
new,newRenov,didiDigomi,93,4,1,0,1,1,0,0,0,0,1,0,731
new,newRenov,didiDigomi,68,3,1,0,1,1,1,0,0,0,1,0,721
new,newRenov,didiDigomi,45,2,1,0,1,1,1,0,0,0,1,0,718
new,newRenov,didiDigomi,48,2,1,0,1,0,0,0,0,0,1,0,708
new,newRenov,didiDigomi,37,2,1,0,0,1,1,1,0,1,0,1,703
new,newRenov,didiDigomi,36,2,1,0,0,1,0,0,0,1,0,0,694
new,newRenov,didiDigomi,65,2,1,0,1,0,0,0,0,0,1,0,692
new,newRenov,didiDigomi,57,3,1,0,1,0,0,0,0,0,1,0,689
new,newRenov,didiDigomi,57,3,1,0,1,1,0,0,0,0,1,0,681
new,newRenov,didiDigomi,53,3,1,0,1,0,0,0,0,0,1,0,670
new,newRenov,didiDigomi,53,2,1,0,1,1,1,0,0,0,0,0,660
new,newRenov,didiDigomi,48,2,1,0,1,1,0,0,0,0,1,0,650
new,newRenov,didiDigomi,58,2,1,0,0,1,1,0,0,0,0,0,621
new,newRenov,didiDigomi,41,2,1,0,0,0,1,0,0,0,0,0,610
new,newRenov,didiDigomi,81,3,1,0,1,1,1,0,0,0,1,0,599
new,newRenov,didiDigomi,44,2,1,0,1,1,1,1,0,1,0,0,520
new,white,didiDigomi,130,5,2,0,1,0,1,0,0,0,1,0,638
new,white,didiDigomi,47,3,1,0,1,0,1,0,0,0,1,0,606
new,white,didiDigomi,80,3,1,0,1,0,0,0,0,0,0,0,600
new,white,didiDigomi,45,2,1,0,1,0,1,0,0,0,1,0,600
new,white,didiDigomi,62,3,1,0,1,1,0,0,0,0,1,0,581
new,white,didiDigomi,56,2,2,0,1,0,0,0,0,0,1,0,571
new,white,didiDigomi,84,3,1,0,1,0,0,1,0,0,0,0,563
new,white,didiDigomi,90,4,1,0,1,0,0,0,0,0,0,0,546
new,black,didiDigomi,76,3,2,0,1,0,1,0,0,0,1,0,539
new,black,didiDigomi,144,4,2,0,1,0,0,0,0,0,0,0,467
old,oldRenov,didiDigomi,67,2,1,0,1,1,0,0,0,1,1,1,612
old,oldRenov,didiDigomi,102,4,2,0,1,0,0,1,0,0,1,0,471
old,newRenov,didube,95,3,2,0,1,1,0,0,0,0,1,1,842
new,newRenov,didube,74,3,1,0,1,1,0,0,0,0,1,0,926
new,newRenov,didube,51,2,1,0,1,1,0,0,0,0,1,0,900
new,newRenov,didube,100,3,1,0,1,1,1,1,0,1,1,0,790
new,black,didube,80,3,1,0,1,0,0,0,0,0,1,0,688
new,black,didube,85,3,1,0,1,0,0,0,0,0,0,0,500
old,oldRenov,didube,28,1,1,0,1,0,0,0,0,0,0,0,832
old,oldRenov,didube,72,3,1,0,0,1,1,1,0,0,1,0,758
old,oldRenov,didube,102,4,2,0,0,1,1,1,0,0,0,0,708
old,oldRenov,didube,60,2,1,0,1,0,0,1,0,0,1,0,668
old,oldRenov,didube,70,2,2,0,0,0,0,0,0,0,0,0,514
old,newRenov,digmisMas,35,1,1,0,0,1,1,1,0,1,0,0,743
new,newRenov,digmisMas,95,4,2,0,1,0,0,0,0,0,1,0,1300
new,newRenov,digmisMas,46,2,1,0,1,1,1,0,0,1,1,1,1100
new,newRenov,digmisMas,100,3,1,0,1,1,0,1,0,1,0,0,1000
new,newRenov,digmisMas,23,2,1,0,1,1,1,0,0,1,1,0,909
new,newRenov,digmisMas,130,4,3,0,1,1,1,0,0,0,0,1,808
new,newRenov,digmisMas,78,5,1,0,1,1,0,1,0,1,0,0,590
new,newRenov,digmisMas,78,5,2,0,1,1,0,1,0,1,1,0,577
old,oldRenov,digmisMas,26,1,1,0,1,1,0,0,0,1,1,0,927
old,oldRenov,digmisMas,47,2,1,0,1,1,1,1,1,0,1,0,772
old,oldRenov,digmisMas,63,3,1,0,1,0,0,0,0,0,0,0,668
old,newRenov,vadzisubani,58,3,2,0,1,1,1,1,0,1,1,1,612
new,newRenov,vadzisubani,61,2,1,0,1,1,1,0,0,1,1,0,672
new,newRenov,vadzisubani,61,2,1,0,1,1,1,0,0,1,1,0,664
old,oldRenov,vadzisubani,74,3,1,0,1,1,0,0,0,0,1,0,541
old,newRenov,vake,135,4,2,0,1,1,0,0,0,1,0,0,1481
old,newRenov,vake,22,1,1,0,0,1,0,0,0,1,0,1,1068
old,newRenov,vake,95,3,1,0,0,1,0,1,0,1,1,1,944
old,newRenov,vake,140,4,2,0,1,1,1,1,0,1,1,1,929
new,newRenov,vake,61,2,1,0,1,0,0,0,0,0,0,0,1502
new,newRenov,vake,127,3,2,0,1,1,0,0,0,1,1,1,1417
new,newRenov,vake,102,3,3,0,1,0,1,0,1,1,1,1,1300
new,newRenov,vake,70,2,1,0,1,1,0,0,0,1,1,1,1134
new,newRenov,vake,108,3,1,0,1,1,0,1,0,1,1,1,1019
new,newRenov,vake,45,2,1,0,1,1,0,1,0,0,0,1,967
new,newRenov,vake,75,2,3,0,1,0,0,0,1,0,1,1,955
new,newRenov,vake,90,3,1,0,1,0,0,0,0,0,0,0,954
new,newRenov,vake,100,3,2,0,1,1,0,1,0,1,1,1,935
new,newRenov,vake,82,4,2,0,1,1,1,0,0,0,1,0,921
new,newRenov,vake,90,4,1,0,1,1,1,1,0,1,1,0,900
new,newRenov,vake,103,2,2,0,1,1,0,0,0,0,1,0,816
new,white,vake,155,4,2,0,1,0,1,0,0,0,1,0,985
new,white,vake,170,5,3,0,1,0,1,0,0,0,1,0,854
new,white,vake,130,4,3,0,1,0,0,0,0,0,1,0,800
old,oldRenov,vake,45,2,1,0,1,0,0,1,0,0,1,1,1333
old,oldRenov,vake,115,4,1,0,1,1,1,1,0,0,1,0,1130
old,oldRenov,vake,198,5,1,0,1,0,0,0,0,0,0,0,881
old,oldRenov,vake,125,4,1,0,1,1,1,1,0,0,0,0,880
old,oldRenov,vake,150,4,2,0,1,1,1,0,0,1,1,0,847
old,oldRenov,vake,55,1,1,0,1,1,1,1,0,0,1,0,782
old,oldRenov,vake,33,2,1,0,0,0,0,0,0,0,0,0,752
old,oldRenov,vake,140,4,1,0,1,0,1,0,0,1,0,1,709
new,newRenov,vaja,68,2,1,0,1,1,1,1,0,1,0,1,765
old,newRenov,varketili,72,2,1,0,1,1,0,0,0,1,1,0,528
new,newRenov,varketili,50,2,2,0,1,1,0,0,0,1,1,0,794
new,newRenov,varketili,48,2,1,0,1,1,0,0,0,0,1,0,771
new,newRenov,varketili,71,3,1,0,1,1,1,0,0,1,1,0,732
new,newRenov,varketili,54,2,1,0,1,1,1,1,0,0,1,0,611
old,oldRenov,varketili,65,3,2,0,1,1,1,1,0,0,1,0,600
old,oldRenov,varketili,74,3,1,0,1,1,1,0,0,1,1,0,527
old,oldRenov,varketili,60,1,2,0,0,1,0,0,0,0,1,0,483
old,oldRenov,varketili,62,3,1,0,0,0,0,0,0,0,0,0,468
old,oldRenov,varketili,65,3,1,0,1,1,1,0,0,0,0,0,446
old,newRenov,vashlijvari,85,3,1,0,1,1,0,0,0,1,1,0,765
old,newRenov,vashlijvari,100,4,1,0,1,1,1,0,0,1,0,1,595
new,newRenov,vashlijvari,39,2,1,0,1,0,0,0,0,0,1,0,841
new,newRenov,vashlijvari,63,3,1,0,1,0,0,0,0,0,1,0,830
new,newRenov,vashlijvari,70,3,1,0,1,0,0,0,0,0,1,0,819
new,newRenov,vera,218,6,2,0,1,1,0,1,0,0,1,1,1147
new,white,vera,71,2,1,0,1,1,0,0,0,0,1,0,1225
new,white,vera,245,5,2,0,1,0,1,0,0,0,1,0,1061
new,white,vera,90,3,1,0,1,0,0,0,0,0,0,0,944
new,black,vera,90,3,1,0,1,0,0,0,0,0,0,0,800
old,oldRenov,vera,54,2,1,0,0,0,0,1,0,0,0,0,1019
old,oldRenov,vera,160,5,2,0,1,1,1,1,0,0,0,0,871
old,oldRenov,vera,60,2,1,0,1,1,0,0,0,0,0,0,783
old,oldRenov,vera,100,3,2,0,1,1,1,1,0,0,1,0,661
old,newRenov,isani,35,1,3,0,1,1,1,0,0,1,0,0,771
new,newRenov,isani,72,3,1,0,1,1,1,0,0,1,1,1,917
new,newRenov,isani,72,3,2,0,1,1,1,0,0,1,1,0,833
new,newRenov,isani,61,3,1,0,1,1,1,0,0,1,1,0,754
old,oldRenov,isani,30,1,1,0,1,1,0,0,0,0,1,0,867
old,oldRenov,isani,77,3,1,0,1,1,1,1,0,0,1,1,729
old,oldRenov,isani,67,3,1,0,0,1,0,1,0,0,0,0,667
old,oldRenov,isani,65,2,2,0,0,1,0,1,0,1,0,1,585
old,oldRenov,isani,90,3,2,0,1,1,0,1,0,0,1,0,533
old,oldRenov,isani,35,1,3,0,1,0,1,0,0,1,1,0,429
old,newRenov,mtatsminda,26,1,1,0,0,0,1,1,0,0,0,0,1058
new,newRenov,mtatsminda,33,1,1,0,0,1,1,0,0,1,0,1,1258
old,oldRenov,mtatsminda,47,2,1,0,1,1,1,1,0,0,0,0,862
old,oldRenov,mtatsminda,47,2,1,0,1,1,1,1,0,0,0,0,862
old,oldRenov,mtatsminda,225,7,2,0,1,1,1,1,0,0,0,0,850
old,newRenov,nadzaladevi,38,1,2,0,1,1,1,0,0,1,1,1,1053
old,newRenov,nadzaladevi,38,2,1,0,1,1,1,0,0,0,1,0,921
old,newRenov,nadzaladevi,40,1,1,0,1,1,1,1,0,1,0,0,825
old,newRenov,nadzaladevi,72,4,2,0,0,1,1,1,0,0,0,0,663
old,newRenov,nadzaladevi,40,1,1,0,1,0,1,1,0,0,1,0,623
old,oldRenov,nadzaladevi,45,2,1,0,1,0,0,0,0,0,0,0,444
old,oldRenov,nadzaladevi,140,4,2,0,1,1,1,1,0,0,0,0,412
old,newRenov,nucubidze,49,3,1,0,0,1,1,1,0,1,1,0,837
old,newRenov,nucubidze,56,3,1,0,1,1,1,1,0,0,1,0,784
old,newRenov,nucubidze,50,3,1,0,1,0,0,0,0,0,0,0,758
old,newRenov,nucubidze,51,3,1,0,1,1,0,0,0,0,0,0,743
old,newRenov,nucubidze,130,4,1,0,1,1,1,1,0,0,1,0,670
old,newRenov,nucubidze,76,3,1,0,1,1,1,1,0,0,1,0,553
old,oldRenov,nucubidze,50,2,1,0,1,1,0,0,0,1,1,0,640
old,newRenov,ortatsala,82,4,1,0,1,1,0,1,0,1,1,1,915
old,newRenov,ortatsala,56,2,1,0,1,1,0,0,0,1,0,1,852
old,newRenov,ortatsala,67,3,1,0,0,1,1,1,0,0,0,0,625
new,newRenov,ortatsala,50,2,1,0,1,1,0,0,0,1,1,1,880
new,newRenov,ortatsala,94,3,1,0,1,1,1,0,0,0,1,0,798
new,white,ortatsala,110,4,2,0,1,0,0,0,0,0,1,0,609
new,black,ortatsala,60,2,1,0,1,1,1,0,0,0,1,0,752
new,black,ortatsala,53,2,1,0,1,1,1,0,0,0,1,0,736
new,black,ortatsala,67,3,1,0,1,1,1,0,0,0,1,0,736
new,black,ortatsala,77,3,2,0,1,1,1,0,0,0,1,0,736
new,black,ortatsala,67,3,1,0,1,1,1,0,0,0,1,0,731
old,newRenov,saburtalo,100,3,1,0,1,0,0,0,0,1,1,0,1127
old,newRenov,saburtalo,90,3,1,0,1,1,0,1,0,1,1,1,1111
old,newRenov,saburtalo,65,3,2,0,1,1,1,0,0,1,1,0,1108
old,newRenov,saburtalo,103,4,1,0,1,1,1,1,0,0,1,1,1000
old,newRenov,saburtalo,80,3,1,0,1,1,0,0,0,1,1,0,1000
old,newRenov,saburtalo,75,3,2,0,1,1,0,0,0,1,1,0,973
old,newRenov,saburtalo,63,3,1,0,1,1,1,1,0,0,0,1,968
old,newRenov,saburtalo,19,1,1,0,1,1,0,0,0,0,1,0,947
old,newRenov,saburtalo,40,2,1,0,1,1,0,0,0,0,1,0,925
old,newRenov,saburtalo,26,1,1,0,1,1,0,0,0,0,1,0,923
old,newRenov,saburtalo,60,2,2,0,1,1,1,1,0,0,1,1,917
old,newRenov,saburtalo,36,2,2,0,1,1,1,1,0,0,0,1,903
old,newRenov,saburtalo,33,2,1,0,1,1,0,0,0,0,0,0,894
old,newRenov,saburtalo,28,1,1,0,1,1,0,0,0,0,0,0,893
old,newRenov,saburtalo,80,3,2,0,1,1,1,0,0,1,0,1,886
old,newRenov,saburtalo,82,4,2,0,1,1,0,1,0,1,0,1,866
old,newRenov,saburtalo,175,5,1,0,1,0,1,1,0,0,1,0,857
old,newRenov,saburtalo,90,3,1,0,1,1,1,0,0,1,1,1,833
old,newRenov,saburtalo,65,2,1,0,1,1,1,1,0,1,1,0,823
old,newRenov,saburtalo,51,3,1,0,1,1,1,0,0,0,0,1,743
old,newRenov,saburtalo,80,3,1,0,1,1,1,0,0,1,0,1,700
old,newRenov,saburtalo,49,2,2,0,1,1,1,1,0,1,1,0,684
old,newRenov,saburtalo,129,4,1,0,0,1,1,1,0,0,0,0,504
new,newRenov,saburtalo,50,2,1,0,1,1,1,0,0,1,1,0,1360
new,newRenov,saburtalo,47,2,2,0,1,1,0,0,0,1,0,0,1340
new,newRenov,saburtalo,47,2,2,0,1,1,0,0,0,1,0,0,1340
new,newRenov,saburtalo,164,5,3,0,1,1,0,0,0,1,1,1,1280
new,newRenov,saburtalo,70,2,1,0,1,1,0,1,0,0,1,0,1260
new,newRenov,saburtalo,55,2,1,0,1,0,0,0,0,0,0,0,1255
new,newRenov,saburtalo,58,2,1,0,1,1,0,0,0,1,1,0,1207
new,newRenov,saburtalo,100,3,2,0,1,1,0,1,0,1,1,1,1203
new,newRenov,saburtalo,50,2,1,0,1,1,0,0,0,1,1,0,1200
new,newRenov,saburtalo,200,5,2,0,1,1,1,1,0,1,1,1,1200
new,newRenov,saburtalo,62,2,1,0,1,1,1,0,0,1,1,0,1129
new,newRenov,saburtalo,101,3,1,0,1,1,0,1,0,1,1,0,1129
new,newRenov,saburtalo,82,3,1,0,1,1,0,0,0,1,1,0,1096
new,newRenov,saburtalo,64,2,1,0,1,1,1,0,0,1,1,0,1094
new,newRenov,saburtalo,98,3,1,0,1,1,1,0,0,1,1,1,1020
new,newRenov,saburtalo,140,4,2,0,1,1,0,1,0,1,1,1,964
new,newRenov,saburtalo,130,3,2,0,1,1,1,1,0,1,1,1,954
new,newRenov,saburtalo,60,3,2,0,1,1,1,1,0,0,1,1,917
new,newRenov,saburtalo,83,3,1,0,1,1,1,1,0,1,1,1,916
new,newRenov,saburtalo,100,4,1,0,1,1,0,0,0,1,1,0,880
new,newRenov,saburtalo,200,5,1,0,1,0,1,1,0,0,0,0,819
new,newRenov,saburtalo,135,5,2,0,1,1,1,1,0,0,1,1,806
new,newRenov,saburtalo,55,2,1,0,1,1,0,0,0,0,1,0,800
new,newRenov,saburtalo,200,5,2,0,1,1,1,1,1,1,0,1,800
new,newRenov,saburtalo,134,4,2,0,1,1,0,1,0,1,1,0,746
new,white,saburtalo,64,2,1,0,1,0,0,0,0,0,1,0,1322
new,white,saburtalo,96,4,2,0,1,0,0,0,0,0,1,0,1100
new,white,saburtalo,50,2,1,0,1,0,0,0,0,0,1,0,910
new,white,saburtalo,49,2,1,0,1,0,0,0,0,0,0,0,902
new,white,saburtalo,91,3,1,0,1,0,0,0,0,0,0,0,800
new,white,saburtalo,89,2,2,0,1,0,0,0,0,0,0,0,798
new,white,saburtalo,97,3,1,0,1,0,0,0,0,0,1,0,727
new,white,saburtalo,360,6,1,0,1,0,0,0,0,0,0,0,694
new,white,saburtalo,130,5,1,0,1,0,0,0,0,0,1,0,617
new,white,saburtalo,126,2,1,0,1,0,0,0,0,0,0,0,522
new,black,saburtalo,60,2,1,0,1,0,0,0,0,0,1,0,833
new,black,saburtalo,54,2,1,0,1,0,0,0,0,0,1,0,744
old,oldRenov,saburtalo,76,2,2,0,1,1,0,0,0,0,0,0,955
old,oldRenov,saburtalo,93,4,1,0,1,1,0,0,0,0,1,0,944
old,oldRenov,saburtalo,140,4,2,0,1,1,0,1,0,1,1,1,893
old,oldRenov,saburtalo,75,3,1,0,1,1,1,0,0,1,0,0,893
old,oldRenov,saburtalo,33,1,1,0,0,1,1,0,0,1,0,0,876
old,oldRenov,saburtalo,80,3,2,0,1,0,1,1,0,0,1,0,871
old,oldRenov,saburtalo,34,1,1,0,1,1,1,1,0,1,0,0,853
old,oldRenov,saburtalo,73,3,2,0,1,1,0,1,0,1,1,0,822
old,oldRenov,saburtalo,70,2,1,0,1,1,0,0,1,0,0,1,814
old,oldRenov,saburtalo,130,5,2,0,0,0,0,0,0,0,1,0,785
old,oldRenov,saburtalo,97,3,1,0,1,1,1,1,0,1,0,1,773
old,oldRenov,saburtalo,100,3,1,0,1,1,1,0,0,0,1,0,770
old,oldRenov,saburtalo,60,2,1,0,1,1,0,0,0,1,1,0,763
old,oldRenov,saburtalo,80,3,1,0,1,0,0,1,0,0,0,0,713
old,oldRenov,saburtalo,52,2,1,0,1,1,0,0,1,1,1,0,673
old,oldRenov,saburtalo,67,2,1,0,1,0,0,0,0,0,0,0,655
old,oldRenov,saburtalo,92,3,1,0,1,1,1,1,0,0,0,1,652
old,oldRenov,saburtalo,100,3,1,0,1,1,1,1,0,0,1,1,550
old,oldRenov,saburtalo,130,4,2,0,1,0,0,0,0,0,1,0,523
old,oldRenov,saburtalo,324,5,2,0,1,1,1,1,1,0,0,1,463
new,newRenov,samgori,68,2,1,0,1,1,1,0,0,0,1,1,699
new,newRenov,samgori,46,1,1,0,1,0,0,0,0,1,0,0,448
old,oldRenov,samgori,76,3,1,0,1,1,0,0,0,0,1,1,855
old,oldRenov,samgori,45,2,1,0,1,1,0,1,0,0,0,0,589
old,oldRenov,samgori,116,5,1,0,1,1,0,1,1,1,0,1,474
old,newRenov,chugureti,63,3,1,0,0,0,0,1,0,0,0,0,1108
old,newRenov,chugureti,50,2,2,0,1,1,1,1,0,1,0,0,800
old,newRenov,chugureti,50,2,3,0,1,1,1,1,0,1,0,0,800
old,newRenov,chugureti,15,1,2,0,1,1,0,0,0,1,0,0,687
old,black,chugureti,38,2,1,0,0,0,0,0,0,0,0,0,784
old,oldRenov,chugureti,106,3,1,0,1,1,1,1,0,0,0,1,1226
old,oldRenov,chugureti,60,2,1,0,1,1,1,1,0,0,0,1,1167
old,oldRenov,chugureti,55,3,1,0,1,1,1,1,0,0,0,1,1120
old,oldRenov,chugureti,71,3,1,0,1,0,0,0,1,1,0,0,1000
old,oldRenov,chugureti,35,1,2,0,1,1,0,0,0,1,0,0,871
old,oldRenov,chugureti,100,4,1,0,0,1,1,1,1,0,0,1,840
old,oldRenov,chugureti,42,3,1,0,0,0,1,1,0,0,0,0,833
old,oldRenov,chugureti,65,2,1,0,0,0,0,1,0,0,0,1,705
old,oldRenov,chugureti,130,4,2,0,1,1,1,1,1,0,0,0,608
old,oldRenov,chugureti,118,5,2,0,1,1,1,1,1,1,0,0,521
